cgpa,attendance,aptitude_score,communication_score,technical_score,projects,internships,certifications,coding_skills,soft_skills,placed
7.37,62.0,55.0,80.0,61.0,4,0,1,57.0,58.0,0
6.16,72.0,81.0,100.0,71.0,4,1,2,33.0,67.0,0
7.78,83.0,68.0,43.0,61.0,2,1,5,46.0,58.0,0
7.95,77.0,50.0,88.0,80.0,5,0,7,22.0,59.0,0
5.34,70.0,47.0,66.0,52.0,5,1,0,77.0,82.0,0
5.93,70.0,33.0,78.0,36.0,2,0,3,26.0,82.0,0
7.22,69.0,68.0,39.0,99.0,5,0,7,64.0,42.0,0
6.82,67.0,57.0,88.0,50.0,6,1,2,41.0,55.0,0
7.08,100.0,20.0,78.0,50.0,5,2,3,29.0,60.0,0
6.33,82.0,53.0,64.0,60.0,5,0,7,63.0,76.0,0
7.89,89.0,47.0,75.0,62.0,5,0,7,51.0,84.0,0
7.8,72.0,91.0,53.0,54.0,5,1,5,75.0,100.0,1
7.16,76.0,32.0,56.0,61.0,2,2,5,33.0,60.0,0
8.11,69.0,37.0,58.0,60.0,5,0,4,43.0,61.0,1
7.52,46.0,83.0,35.0,64.0,1,0,2,10.0,76.0,0
6.33,61.0,87.0,79.0,16.0,2,0,7,14.0,57.0,0
7.43,56.0,50.0,84.0,97.0,6,1,0,94.0,65.0,1
6.24,51.0,52.0,54.0,58.0,1,2,0,100.0,61.0,0
7.89,64.0,74.0,71.0,72.0,5,1,4,60.0,28.0,1
7.06,94.0,21.0,61.0,35.0,2,0,6,42.0,69.0,0
6.93,77.0,29.0,70.0,52.0,1,1,6,52.0,64.0,0
6.49,93.0,58.0,55.0,48.0,0,2,5,75.0,86.0,0
8.2,83.0,91.0,51.0,89.0,3,0,3,48.0,67.0,0
6.96,87.0,55.0,82.0,50.0,3,1,2,63.0,48.0,0
6.71,67.0,65.0,64.0,75.0,3,0,3,58.0,63.0,0
6.78,84.0,83.0,97.0,49.0,0,0,2,47.0,36.0,0
7.58,87.0,100.0,66.0,52.0,1,1,3,47.0,49.0,0
7.43,71.0,53.0,50.0,56.0,0,0,0,64.0,77.0,0
7.47,85.0,63.0,85.0,85.0,2,3,2,38.0,63.0,1
7.49,85.0,96.0,75.0,25.0,6,1,7,67.0,81.0,1
9.03,71.0,36.0,77.0,36.0,1,0,5,49.0,37.0,0
6.73,65.0,81.0,84.0,24.0,4,0,1,61.0,63.0,0
6.64,64.0,45.0,55.0,40.0,0,1,2,86.0,60.0,0
6.37,79.0,65.0,63.0,46.0,3,0,2,55.0,81.0,0
7.65,82.0,59.0,62.0,30.0,6,1,2,76.0,77.0,1
8.12,68.0,46.0,44.0,47.0,2,0,5,22.0,77.0,0
7.0,78.0,45.0,61.0,23.0,1,0,7,49.0,90.0,0
6.34,85.0,68.0,86.0,42.0,3,1,5,59.0,61.0,0
6.36,85.0,81.0,69.0,84.0,1,0,3,96.0,87.0,0
7.69,97.0,61.0,43.0,69.0,6,1,1,19.0,51.0,0
7.77,93.0,64.0,40.0,65.0,5,1,1,56.0,51.0,1
7.59,66.0,73.0,92.0,42.0,4,0,6,87.0,78.0,1
6.5,98.0,46.0,64.0,32.0,4,1,5,42.0,44.0,0
7.31,72.0,76.0,55.0,39.0,4,1,4,54.0,76.0,1
7.21,91.0,78.0,61.0,60.0,5,2,4,65.0,69.0,0
7.3,79.0,100.0,41.0,77.0,3,0,6,62.0,83.0,0
7.88,73.0,56.0,88.0,78.0,6,0,6,89.0,66.0,1
7.3,56.0,55.0,59.0,73.0,2,1,0,67.0,68.0,0
7.71,76.0,77.0,87.0,47.0,0,1,3,85.0,75.0,0
7.16,59.0,78.0,66.0,61.0,4,1,0,51.0,57.0,0
7.36,90.0,53.0,88.0,55.0,4,1,3,43.0,56.0,0
7.67,96.0,56.0,69.0,57.0,6,1,5,53.0,74.0,1
5.79,68.0,73.0,79.0,100.0,2,0,1,35.0,67.0,0
6.81,82.0,48.0,77.0,28.0,2,1,1,68.0,61.0,0
6.68,69.0,56.0,75.0,57.0,3,0,3,50.0,66.0,0
6.53,70.0,65.0,71.0,84.0,2,0,4,45.0,91.0,0
6.85,87.0,81.0,61.0,33.0,5,1,5,68.0,60.0,0
8.45,78.0,52.0,96.0,49.0,2,1,0,35.0,60.0,0
6.32,99.0,30.0,50.0,51.0,5,0,1,73.0,41.0,0
7.97,72.0,29.0,65.0,57.0,2,2,6,48.0,66.0,0
5.59,90.0,40.0,65.0,31.0,1,1,5,81.0,77.0,0
6.8,79.0,39.0,71.0,72.0,6,1,7,50.0,80.0,0
7.25,88.0,60.0,58.0,74.0,3,2,6,71.0,69.0,0
7.63,73.0,42.0,70.0,71.0,4,0,6,62.0,81.0,0
7.74,77.0,50.0,62.0,44.0,4,1,4,73.0,78.0,0
7.81,77.0,49.0,40.0,63.0,2,0,7,60.0,84.0,0
6.79,68.0,55.0,65.0,44.0,6,0,3,25.0,82.0,0
6.68,86.0,87.0,47.0,55.0,2,0,7,78.0,91.0,0
7.87,86.0,75.0,37.0,100.0,6,0,3,56.0,64.0,1
6.93,85.0,63.0,67.0,63.0,3,1,3,74.0,47.0,0
5.95,96.0,55.0,73.0,38.0,0,0,5,72.0,77.0,0
6.08,95.0,55.0,73.0,64.0,0,1,3,43.0,79.0,0
6.27,74.0,69.0,74.0,35.0,6,0,1,40.0,91.0,1
7.55,82.0,74.0,34.0,38.0,3,0,7,71.0,86.0,1
7.23,71.0,47.0,43.0,41.0,2,3,3,52.0,96.0,0
7.72,78.0,64.0,97.0,53.0,5,1,7,77.0,76.0,1
6.72,71.0,26.0,48.0,79.0,4,2,3,54.0,70.0,0
7.24,97.0,67.0,75.0,72.0,4,1,7,78.0,46.0,1
7.66,82.0,77.0,54.0,71.0,4,0,4,66.0,72.0,0
6.82,75.0,58.0,66.0,40.0,1,1,6,64.0,59.0,0
7.51,92.0,96.0,55.0,51.0,0,1,6,51.0,70.0,1
6.5,52.0,47.0,74.0,66.0,5,0,1,63.0,68.0,0
6.77,54.0,67.0,67.0,49.0,0,2,6,82.0,74.0,0
6.76,88.0,62.0,58.0,56.0,5,1,7,57.0,66.0,1
6.02,79.0,61.0,48.0,69.0,0,1,5,69.0,81.0,0
7.54,81.0,61.0,69.0,54.0,1,1,7,59.0,26.0,0
6.68,62.0,65.0,46.0,65.0,4,1,6,60.0,70.0,0
7.11,78.0,78.0,72.0,91.0,4,0,5,92.0,85.0,1
7.53,100.0,88.0,100.0,58.0,5,3,3,82.0,95.0,1
7.5,88.0,63.0,87.0,83.0,4,0,6,60.0,78.0,0
7.7,80.0,78.0,76.0,72.0,0,0,1,62.0,92.0,0
7.01,73.0,50.0,64.0,33.0,5,0,4,44.0,70.0,0
6.72,73.0,77.0,34.0,40.0,1,1,6,55.0,67.0,0
7.03,52.0,49.0,44.0,45.0,0,3,7,64.0,75.0,0
5.58,81.0,83.0,86.0,45.0,6,2,2,75.0,67.0,0
5.8,88.0,100.0,52.0,59.0,1,1,0,73.0,55.0,0
5.91,59.0,61.0,54.0,73.0,3,3,2,36.0,59.0,0
6.2,70.0,24.0,62.0,85.0,3,1,6,78.0,50.0,0
7.46,64.0,53.0,48.0,67.0,5,0,4,56.0,75.0,0
6.29,66.0,85.0,45.0,53.0,0,1,0,38.0,67.0,0
6.76,79.0,73.0,64.0,21.0,0,0,0,85.0,62.0,0
8.27,53.0,67.0,51.0,62.0,2,0,2,87.0,58.0,1
6.78,85.0,81.0,53.0,61.0,3,0,2,63.0,75.0,0
7.76,87.0,72.0,53.0,64.0,5,0,1,72.0,79.0,0
6.26,75.0,85.0,73.0,100.0,4,2,3,73.0,50.0,0
6.92,48.0,80.0,61.0,85.0,1,3,3,86.0,48.0,0
6.24,66.0,90.0,62.0,76.0,6,0,1,73.0,81.0,0
6.79,93.0,69.0,75.0,43.0,3,1,1,31.0,46.0,0
7.86,45.0,79.0,63.0,51.0,6,0,5,98.0,75.0,1
5.55,74.0,57.0,61.0,59.0,6,0,7,79.0,91.0,0
7.49,64.0,52.0,73.0,46.0,0,0,7,48.0,91.0,0
7.31,88.0,94.0,76.0,71.0,3,0,4,37.0,78.0,0
6.57,70.0,67.0,63.0,68.0,2,0,0,68.0,78.0,0
5.8,83.0,77.0,66.0,40.0,3,0,7,52.0,100.0,0
7.16,85.0,65.0,52.0,84.0,2,0,7,65.0,32.0,0
6.62,100.0,52.0,51.0,63.0,3,0,2,73.0,60.0,0
7.31,76.0,63.0,77.0,28.0,3,2,3,47.0,80.0,0
7.12,83.0,89.0,72.0,60.0,1,0,0,36.0,62.0,0
8.54,60.0,73.0,72.0,66.0,2,0,6,66.0,86.0,0
6.88,92.0,32.0,69.0,79.0,1,1,6,47.0,66.0,0
6.18,69.0,59.0,66.0,55.0,5,0,0,61.0,69.0,0
7.26,71.0,95.0,76.0,77.0,4,1,5,31.0,63.0,0
7.3,78.0,59.0,80.0,65.0,2,0,3,53.0,59.0,0
8.32,59.0,31.0,80.0,36.0,2,1,4,72.0,59.0,1
7.85,81.0,97.0,63.0,34.0,0,1,1,70.0,71.0,0
7.42,90.0,75.0,87.0,82.0,2,1,6,42.0,55.0,1
8.42,82.0,62.0,69.0,84.0,6,1,3,35.0,81.0,0
6.03,59.0,56.0,75.0,67.0,0,0,6,58.0,77.0,0
6.52,77.0,82.0,70.0,89.0,1,0,1,69.0,83.0,0
6.27,87.0,53.0,69.0,81.0,5,0,4,66.0,50.0,0
6.75,55.0,84.0,53.0,74.0,3,1,2,48.0,42.0,0
5.86,65.0,73.0,76.0,44.0,0,0,7,64.0,67.0,0
7.67,89.0,67.0,100.0,94.0,3,0,4,88.0,100.0,1
6.9,81.0,66.0,59.0,71.0,5,1,5,62.0,86.0,0
5.78,83.0,60.0,66.0,54.0,2,0,0,25.0,59.0,0
6.19,100.0,82.0,58.0,48.0,2,0,5,62.0,73.0,0
7.38,84.0,47.0,57.0,66.0,4,1,0,99.0,78.0,1
7.85,86.0,34.0,90.0,29.0,4,0,2,32.0,46.0,0
8.9,100.0,74.0,54.0,74.0,6,1,1,59.0,88.0,1
9.72,75.0,74.0,57.0,43.0,1,2,0,53.0,64.0,0
7.47,68.0,72.0,40.0,68.0,1,2,4,60.0,66.0,1
6.21,83.0,70.0,53.0,51.0,1,0,1,62.0,67.0,0
5.18,83.0,57.0,38.0,56.0,4,0,4,81.0,84.0,0
7.34,72.0,77.0,75.0,47.0,3,1,6,60.0,56.0,0
6.37,66.0,62.0,100.0,58.0,2,1,1,84.0,41.0,0
6.73,100.0,54.0,59.0,97.0,4,1,5,56.0,72.0,0
6.55,82.0,57.0,38.0,87.0,2,0,2,51.0,36.0,0
6.97,69.0,99.0,79.0,68.0,1,0,2,45.0,62.0,0
8.06,89.0,32.0,53.0,61.0,3,0,4,22.0,85.0,0
7.24,77.0,72.0,86.0,77.0,3,0,5,64.0,76.0,0
6.96,75.0,33.0,60.0,82.0,2,0,5,99.0,83.0,0
6.17,85.0,61.0,55.0,45.0,3,2,1,67.0,76.0,0
5.59,62.0,55.0,62.0,60.0,6,0,4,72.0,100.0,1
6.66,82.0,25.0,77.0,26.0,1,1,2,50.0,58.0,0
7.05,100.0,70.0,61.0,82.0,1,2,2,53.0,73.0,1
8.69,84.0,56.0,57.0,100.0,3,0,7,78.0,60.0,0
7.22,73.0,25.0,62.0,63.0,0,1,0,98.0,81.0,0
7.98,72.0,78.0,45.0,21.0,1,1,3,88.0,66.0,0
6.65,73.0,89.0,71.0,73.0,3,0,3,74.0,93.0,0
6.03,75.0,90.0,36.0,44.0,3,0,1,59.0,59.0,0
6.23,73.0,69.0,58.0,48.0,4,1,6,62.0,88.0,0
6.45,89.0,64.0,77.0,73.0,0,1,3,43.0,76.0,0
9.02,57.0,87.0,70.0,66.0,5,1,5,29.0,67.0,1
6.36,88.0,93.0,74.0,52.0,3,3,3,35.0,75.0,1
7.85,73.0,83.0,64.0,49.0,1,0,7,59.0,71.0,0
6.29,83.0,46.0,84.0,63.0,2,1,5,52.0,72.0,0
7.94,64.0,67.0,80.0,53.0,1,1,2,29.0,64.0,0
7.45,94.0,71.0,72.0,40.0,3,1,7,57.0,56.0,0
6.96,93.0,30.0,80.0,55.0,3,1,6,52.0,62.0,0
7.06,90.0,71.0,77.0,67.0,3,1,4,35.0,42.0,0
6.51,60.0,100.0,58.0,58.0,3,2,0,51.0,80.0,0
7.5,88.0,75.0,43.0,34.0,6,0,4,52.0,48.0,1
6.69,83.0,90.0,72.0,80.0,6,1,5,46.0,64.0,1
6.0,59.0,66.0,74.0,9.0,3,0,2,77.0,77.0,0
5.95,78.0,62.0,82.0,53.0,6,1,1,20.0,80.0,0
7.26,82.0,70.0,50.0,49.0,5,1,4,18.0,40.0,0
8.52,85.0,48.0,50.0,64.0,5,1,6,58.0,66.0,1
7.24,80.0,46.0,72.0,72.0,1,0,2,60.0,74.0,0
6.99,81.0,86.0,64.0,82.0,3,1,3,66.0,68.0,1
7.36,96.0,88.0,35.0,47.0,2,0,0,47.0,87.0,0
8.28,93.0,45.0,71.0,72.0,0,0,5,40.0,55.0,0
7.3,44.0,80.0,35.0,65.0,0,0,6,58.0,36.0,0
6.73,74.0,61.0,50.0,28.0,4,2,6,49.0,79.0,0
8.1,76.0,69.0,87.0,97.0,2,0,3,89.0,59.0,1
7.49,57.0,71.0,94.0,34.0,5,3,0,52.0,41.0,1
8.48,79.0,81.0,46.0,69.0,4,0,3,57.0,65.0,0
7.26,93.0,64.0,60.0,68.0,0,1,7,100.0,85.0,0
6.0,65.0,88.0,66.0,66.0,5,1,0,54.0,48.0,0
5.87,82.0,69.0,93.0,52.0,3,1,1,69.0,100.0,0
8.59,67.0,74.0,57.0,77.0,3,1,6,71.0,54.0,1
8.65,70.0,48.0,57.0,31.0,6,1,4,73.0,68.0,1
6.94,96.0,100.0,90.0,60.0,4,2,1,64.0,49.0,0
6.76,71.0,71.0,59.0,50.0,0,1,0,62.0,68.0,0
8.42,84.0,76.0,77.0,48.0,1,0,3,60.0,65.0,0
6.1,56.0,34.0,41.0,69.0,2,0,4,46.0,45.0,0
6.29,100.0,48.0,62.0,81.0,0,1,6,65.0,100.0,0
7.68,85.0,85.0,38.0,54.0,1,1,7,99.0,60.0,0
6.74,76.0,68.0,48.0,76.0,5,1,3,82.0,60.0,1
7.1,85.0,29.0,78.0,62.0,0,1,3,64.0,82.0,0
6.95,61.0,82.0,64.0,44.0,1,0,7,75.0,94.0,0
7.4,92.0,53.0,60.0,56.0,3,1,6,41.0,84.0,1
8.37,74.0,88.0,53.0,55.0,0,1,1,53.0,49.0,0
7.18,76.0,61.0,61.0,48.0,1,1,5,77.0,70.0,0
7.68,72.0,67.0,70.0,69.0,6,1,5,88.0,39.0,0
5.25,71.0,84.0,81.0,65.0,4,2,1,43.0,81.0,1
7.06,86.0,47.0,23.0,31.0,6,1,7,48.0,42.0,0
6.34,81.0,45.0,52.0,30.0,2,3,2,100.0,55.0,0
6.0,86.0,59.0,68.0,69.0,4,0,4,60.0,67.0,0
6.31,78.0,78.0,63.0,46.0,1,1,3,94.0,74.0,0
6.8,84.0,39.0,71.0,67.0,2,1,5,62.0,63.0,0
7.92,73.0,33.0,69.0,76.0,1,0,7,63.0,90.0,0
5.91,100.0,78.0,60.0,37.0,5,0,3,52.0,78.0,0
7.13,59.0,52.0,57.0,34.0,1,1,3,77.0,77.0,0
6.66,93.0,56.0,61.0,93.0,1,0,6,85.0,49.0,0
6.81,94.0,30.0,83.0,68.0,3,2,7,37.0,92.0,1
8.0,68.0,51.0,53.0,53.0,3,0,7,51.0,55.0,0
7.58,100.0,63.0,64.0,43.0,2,0,6,76.0,93.0,0
8.3,90.0,80.0,68.0,51.0,2,1,5,55.0,97.0,1
6.96,90.0,49.0,90.0,38.0,2,0,6,48.0,75.0,0
6.47,78.0,93.0,60.0,78.0,6,0,7,78.0,82.0,0
6.9,75.0,51.0,80.0,46.0,4,1,0,80.0,21.0,0
7.32,75.0,51.0,85.0,82.0,6,1,4,49.0,64.0,0
7.26,83.0,91.0,64.0,53.0,6,0,0,62.0,84.0,1
6.12,95.0,67.0,62.0,41.0,4,1,4,34.0,81.0,0
7.18,80.0,53.0,60.0,53.0,5,1,3,40.0,49.0,0
7.31,67.0,60.0,61.0,11.0,0,1,2,60.0,63.0,0
9.37,88.0,87.0,79.0,59.0,6,0,7,59.0,29.0,1
8.79,89.0,89.0,69.0,58.0,3,0,5,39.0,73.0,0
6.33,86.0,48.0,69.0,77.0,4,2,4,44.0,39.0,1
6.84,87.0,62.0,47.0,25.0,1,1,7,37.0,84.0,0
5.78,75.0,65.0,50.0,83.0,0,0,0,67.0,85.0,0
6.57,67.0,45.0,99.0,77.0,6,2,5,19.0,60.0,1
7.38,68.0,62.0,62.0,85.0,3,0,1,38.0,75.0,0
8.19,58.0,63.0,53.0,60.0,0,1,1,21.0,64.0,0
6.44,81.0,84.0,88.0,80.0,4,1,1,66.0,71.0,1
6.51,77.0,85.0,70.0,33.0,0,3,4,22.0,50.0,0
5.17,73.0,57.0,74.0,75.0,3,3,5,59.0,76.0,0
6.95,43.0,59.0,63.0,46.0,4,0,6,91.0,42.0,0
6.14,63.0,75.0,60.0,30.0,5,1,3,91.0,40.0,0
6.62,91.0,52.0,62.0,40.0,3,0,7,22.0,65.0,0
6.31,70.0,74.0,43.0,61.0,2,1,2,64.0,64.0,0
7.02,82.0,61.0,64.0,45.0,5,1,1,38.0,71.0,0
5.52,61.0,46.0,70.0,68.0,1,0,0,34.0,57.0,0
5.78,95.0,46.0,95.0,27.0,0,0,1,56.0,95.0,0
9.02,76.0,89.0,66.0,21.0,1,0,3,83.0,69.0,1
5.94,81.0,60.0,28.0,87.0,5,0,3,70.0,70.0,1
6.11,100.0,93.0,63.0,78.0,3,0,6,44.0,70.0,0
8.75,96.0,54.0,100.0,41.0,0,2,1,72.0,82.0,1
9.71,74.0,68.0,79.0,61.0,1,1,2,13.0,76.0,0
6.05,71.0,100.0,52.0,80.0,0,1,7,43.0,74.0,0
6.77,74.0,44.0,74.0,69.0,5,2,0,42.0,78.0,1
7.41,84.0,29.0,53.0,64.0,3,1,3,60.0,40.0,0
8.66,77.0,86.0,43.0,82.0,0,0,1,54.0,40.0,0
6.21,73.0,48.0,59.0,47.0,1,2,4,55.0,66.0,0
6.88,96.0,63.0,66.0,62.0,4,1,7,55.0,64.0,1
7.8,77.0,52.0,35.0,61.0,4,1,1,58.0,76.0,1
7.49,100.0,68.0,47.0,56.0,5,2,2,69.0,67.0,1
6.76,79.0,46.0,65.0,54.0,0,1,3,61.0,76.0,0
6.98,99.0,60.0,58.0,62.0,0,1,6,52.0,48.0,0
5.86,82.0,71.0,71.0,62.0,0,2,7,66.0,67.0,0
6.89,90.0,45.0,46.0,41.0,2,0,0,75.0,47.0,0
6.86,69.0,50.0,76.0,76.0,5,1,3,47.0,73.0,0
7.31,68.0,57.0,46.0,42.0,4,0,6,57.0,39.0,0
6.6,84.0,37.0,91.0,57.0,1,0,0,81.0,72.0,0
7.52,90.0,55.0,38.0,55.0,4,1,6,36.0,45.0,0
8.01,78.0,65.0,48.0,68.0,4,0,1,94.0,61.0,0
7.24,63.0,56.0,72.0,21.0,1,3,4,31.0,80.0,0
7.42,62.0,58.0,92.0,78.0,5,0,7,51.0,70.0,0
7.15,61.0,63.0,70.0,48.0,2,1,5,39.0,42.0,0
7.1,57.0,51.0,74.0,84.0,0,0,7,100.0,57.0,0
6.45,79.0,75.0,65.0,52.0,2,3,4,48.0,44.0,1
7.38,92.0,89.0,49.0,60.0,5,0,1,48.0,42.0,0
7.01,78.0,55.0,57.0,97.0,4,0,5,51.0,69.0,0
8.98,51.0,72.0,46.0,56.0,1,0,4,60.0,75.0,1
8.52,76.0,59.0,45.0,85.0,5,1,2,51.0,74.0,1
7.45,76.0,70.0,71.0,62.0,2,3,0,55.0,76.0,1
6.41,100.0,91.0,47.0,69.0,3,3,5,0.0,67.0,0
6.1,61.0,72.0,70.0,62.0,0,0,4,59.0,63.0,0
8.17,73.0,31.0,44.0,77.0,6,1,6,58.0,51.0,1
7.34,98.0,71.0,70.0,48.0,5,0,1,79.0,60.0,1
7.53,83.0,85.0,57.0,42.0,1,1,4,84.0,47.0,0
5.53,85.0,59.0,88.0,49.0,3,1,6,54.0,54.0,0
7.93,79.0,81.0,70.0,63.0,5,0,7,74.0,68.0,1
7.51,82.0,51.0,85.0,57.0,3,1,7,36.0,65.0,1
6.1,87.0,36.0,53.0,74.0,1,2,1,73.0,100.0,0
6.68,68.0,66.0,66.0,86.0,6,0,1,47.0,47.0,1
7.34,89.0,31.0,49.0,42.0,1,0,4,34.0,65.0,0
7.15,62.0,59.0,58.0,47.0,2,0,3,54.0,46.0,0
6.84,82.0,86.0,61.0,34.0,2,0,1,86.0,61.0,0
7.01,80.0,29.0,53.0,100.0,6,0,0,62.0,62.0,0
6.87,71.0,40.0,46.0,67.0,3,1,1,88.0,80.0,0
7.24,78.0,44.0,42.0,70.0,5,0,2,43.0,60.0,0
8.42,71.0,62.0,28.0,36.0,6,1,5,79.0,64.0,1
4.79,65.0,56.0,48.0,61.0,6,2,0,45.0,61.0,0
6.89,74.0,88.0,75.0,71.0,5,2,0,63.0,46.0,1
7.26,65.0,80.0,39.0,56.0,6,1,2,62.0,57.0,0
7.37,82.0,72.0,43.0,81.0,6,0,6,71.0,61.0,0
6.77,64.0,66.0,94.0,100.0,6,0,7,63.0,68.0,1
5.52,87.0,70.0,55.0,43.0,4,0,3,43.0,75.0,0
7.4,64.0,47.0,70.0,42.0,0,3,0,76.0,63.0,0
8.65,71.0,78.0,75.0,44.0,0,3,0,93.0,63.0,1
5.72,71.0,43.0,76.0,92.0,5,0,6,46.0,41.0,0
7.88,94.0,78.0,41.0,81.0,2,0,3,21.0,75.0,0
6.8,82.0,84.0,61.0,58.0,5,1,0,68.0,57.0,0
7.04,75.0,67.0,39.0,62.0,6,0,6,51.0,78.0,0
6.15,84.0,60.0,100.0,45.0,4,3,4,55.0,87.0,1
6.8,53.0,70.0,39.0,78.0,5,0,2,69.0,64.0,0
8.27,77.0,11.0,48.0,54.0,1,0,3,49.0,52.0,0
7.62,100.0,68.0,48.0,56.0,3,0,1,53.0,67.0,0
8.66,80.0,61.0,41.0,73.0,6,0,7,56.0,72.0,0
8.16,79.0,62.0,87.0,57.0,5,0,6,87.0,62.0,0
7.5,85.0,76.0,100.0,57.0,1,2,1,59.0,59.0,0
8.67,89.0,62.0,57.0,61.0,6,0,5,33.0,75.0,1
7.5,54.0,42.0,44.0,76.0,3,1,1,34.0,74.0,0
7.85,58.0,60.0,29.0,92.0,5,0,3,61.0,62.0,1
6.83,81.0,64.0,61.0,72.0,3,0,5,35.0,42.0,0
7.16,69.0,65.0,60.0,76.0,4,0,0,27.0,74.0,0
6.47,94.0,66.0,55.0,57.0,1,0,5,71.0,55.0,0
7.99,74.0,82.0,69.0,48.0,2,0,1,72.0,70.0,0
6.04,55.0,43.0,71.0,73.0,5,0,5,51.0,69.0,0
7.8,63.0,66.0,70.0,64.0,5,1,3,64.0,39.0,0
6.93,45.0,86.0,60.0,34.0,0,1,0,62.0,68.0,1
8.15,75.0,32.0,47.0,55.0,0,2,6,70.0,75.0,0
7.78,76.0,66.0,76.0,59.0,4,0,2,70.0,77.0,0
8.74,73.0,52.0,65.0,51.0,3,1,7,6.0,69.0,0
7.76,91.0,56.0,79.0,89.0,5,1,6,53.0,37.0,1
5.69,92.0,47.0,78.0,70.0,0,0,1,68.0,86.0,0
7.04,76.0,60.0,42.0,87.0,2,0,4,50.0,73.0,1
6.05,52.0,96.0,42.0,66.0,0,1,2,59.0,49.0,0
6.63,85.0,40.0,53.0,63.0,4,1,4,73.0,55.0,0
8.46,85.0,42.0,48.0,43.0,6,0,4,60.0,70.0,0
7.67,82.0,40.0,77.0,61.0,1,0,2,88.0,77.0,0
6.47,90.0,94.0,71.0,61.0,2,3,5,81.0,60.0,1
6.19,64.0,55.0,83.0,35.0,5,0,2,56.0,79.0,0
7.13,100.0,63.0,71.0,51.0,0,2,7,54.0,40.0,0
6.01,66.0,56.0,68.0,55.0,6,1,7,1.0,51.0,1
6.5,87.0,46.0,84.0,69.0,6,2,1,51.0,36.0,0
7.38,58.0,59.0,73.0,70.0,1,1,5,31.0,54.0,0
8.14,67.0,100.0,66.0,50.0,0,0,7,62.0,90.0,1
7.65,96.0,88.0,89.0,70.0,4,1,1,61.0,98.0,1
5.04,75.0,48.0,67.0,58.0,0,1,5,72.0,71.0,0
7.37,88.0,75.0,60.0,6.0,3,1,7,86.0,57.0,0
7.16,81.0,48.0,52.0,52.0,0,0,1,57.0,64.0,0
7.47,77.0,31.0,76.0,82.0,3,0,4,100.0,74.0,0
8.55,94.0,81.0,85.0,29.0,2,0,6,63.0,44.0,1
5.24,75.0,84.0,64.0,63.0,4,0,2,32.0,58.0,0
6.57,57.0,82.0,86.0,91.0,6,1,1,47.0,89.0,0
7.63,68.0,55.0,33.0,47.0,3,2,3,51.0,51.0,1
5.68,85.0,60.0,64.0,61.0,4,1,2,70.0,56.0,0
8.43,83.0,76.0,64.0,36.0,4,1,5,39.0,67.0,0
7.43,59.0,70.0,53.0,92.0,6,0,2,52.0,71.0,0
7.86,69.0,56.0,100.0,59.0,1,0,3,55.0,58.0,0
6.59,71.0,34.0,64.0,62.0,1,0,7,49.0,68.0,0
7.83,74.0,65.0,58.0,87.0,2,0,4,74.0,76.0,0
8.06,61.0,82.0,65.0,74.0,5,0,7,71.0,96.0,1
7.31,70.0,41.0,33.0,44.0,6,0,5,81.0,65.0,0
7.31,69.0,74.0,53.0,49.0,1,0,7,51.0,66.0,0
7.34,87.0,69.0,81.0,70.0,0,1,1,82.0,90.0,1
6.32,88.0,77.0,55.0,49.0,4,0,7,31.0,59.0,0
6.97,76.0,79.0,52.0,21.0,4,0,7,30.0,47.0,0
6.96,73.0,50.0,86.0,60.0,2,0,0,34.0,71.0,0
7.45,80.0,34.0,86.0,33.0,1,1,2,58.0,83.0,0
8.0,68.0,53.0,73.0,92.0,5,1,3,82.0,72.0,1
6.15,64.0,79.0,58.0,64.0,5,0,3,46.0,66.0,0
6.99,67.0,53.0,61.0,44.0,5,0,6,48.0,45.0,0
8.43,70.0,51.0,52.0,48.0,4,2,5,54.0,66.0,1
6.43,64.0,30.0,49.0,25.0,1,1,1,69.0,85.0,0
6.36,80.0,95.0,48.0,40.0,2,1,4,48.0,48.0,0
7.28,87.0,78.0,55.0,80.0,0,1,7,47.0,63.0,1
7.86,59.0,77.0,48.0,100.0,1,1,3,31.0,61.0,0
7.11,78.0,80.0,40.0,75.0,3,2,7,47.0,57.0,1
8.3,75.0,73.0,69.0,59.0,3,0,5,82.0,71.0,0
7.87,82.0,59.0,69.0,53.0,0,1,7,60.0,74.0,0
7.86,78.0,60.0,92.0,43.0,6,0,7,43.0,73.0,0
7.6,61.0,55.0,54.0,100.0,1,1,0,83.0,52.0,0
9.19,63.0,100.0,70.0,57.0,3,0,6,46.0,42.0,1
6.92,78.0,73.0,70.0,100.0,3,0,1,86.0,71.0,0
5.3,90.0,55.0,61.0,87.0,3,2,6,86.0,59.0,0
8.54,51.0,71.0,77.0,28.0,5,2,6,59.0,95.0,1
6.69,82.0,45.0,77.0,48.0,5,0,2,28.0,95.0,0
7.2,92.0,90.0,70.0,48.0,6,3,0,100.0,97.0,1
8.28,76.0,51.0,61.0,59.0,2,0,3,66.0,53.0,0
5.66,85.0,72.0,59.0,60.0,1,0,2,52.0,76.0,0
5.97,70.0,82.0,43.0,100.0,2,2,4,77.0,80.0,1
5.66,77.0,70.0,52.0,41.0,3,0,0,72.0,78.0,0
6.39,59.0,65.0,55.0,65.0,2,0,0,84.0,62.0,0
7.5,50.0,63.0,47.0,73.0,3,1,3,45.0,86.0,0
7.57,89.0,62.0,72.0,61.0,1,0,6,64.0,67.0,0
7.35,66.0,53.0,84.0,63.0,4,0,2,34.0,69.0,0
5.83,73.0,55.0,50.0,41.0,4,0,2,71.0,44.0,0
5.02,61.0,90.0,70.0,63.0,3,1,1,58.0,77.0,0
7.15,61.0,61.0,48.0,71.0,6,0,2,64.0,63.0,0
6.68,76.0,49.0,60.0,67.0,6,0,2,55.0,74.0,0
7.51,69.0,54.0,54.0,72.0,6,1,2,53.0,71.0,0
7.73,83.0,83.0,75.0,88.0,0,0,2,41.0,70.0,1
7.22,83.0,75.0,54.0,79.0,6,0,2,74.0,66.0,0
7.78,82.0,73.0,81.0,62.0,2,1,5,88.0,79.0,0
7.31,81.0,58.0,61.0,39.0,3,1,2,47.0,64.0,1
7.58,97.0,73.0,55.0,50.0,2,0,6,69.0,45.0,0
6.47,65.0,51.0,45.0,57.0,1,2,4,67.0,76.0,0
6.94,77.0,58.0,69.0,66.0,6,1,5,58.0,55.0,0
7.28,92.0,80.0,79.0,52.0,4,0,4,27.0,47.0,0
7.84,93.0,79.0,69.0,43.0,6,1,7,32.0,52.0,1
6.75,61.0,45.0,100.0,38.0,6,1,2,42.0,71.0,0
7.57,74.0,48.0,88.0,30.0,2,1,7,15.0,66.0,0
6.86,94.0,65.0,60.0,57.0,5,1,1,86.0,35.0,0
6.99,84.0,94.0,60.0,33.0,3,1,1,65.0,61.0,0
7.85,80.0,29.0,73.0,42.0,3,3,6,57.0,85.0,0
5.31,75.0,68.0,52.0,54.0,5,1,7,14.0,60.0,0
5.93,73.0,38.0,84.0,36.0,4,1,0,22.0,65.0,0
5.77,81.0,52.0,71.0,68.0,6,1,4,58.0,83.0,1
5.0,75.0,56.0,69.0,75.0,5,2,4,97.0,79.0,0
6.49,77.0,55.0,76.0,51.0,4,2,1,44.0,82.0,0
7.77,79.0,53.0,93.0,53.0,6,0,4,75.0,25.0,0
6.84,70.0,63.0,68.0,71.0,0,0,5,48.0,93.0,0
7.28,84.0,53.0,63.0,47.0,5,1,4,59.0,77.0,0
8.08,100.0,37.0,89.0,46.0,2,0,4,82.0,100.0,0
8.29,57.0,77.0,80.0,84.0,3,1,7,51.0,55.0,1
7.04,82.0,77.0,60.0,78.0,5,1,1,44.0,41.0,1
8.32,69.0,78.0,65.0,72.0,1,2,4,86.0,67.0,1
7.18,85.0,35.0,68.0,79.0,6,0,2,59.0,63.0,1
6.35,79.0,68.0,71.0,23.0,3,1,7,80.0,77.0,0
6.57,87.0,75.0,43.0,87.0,2,0,2,44.0,83.0,0
5.77,92.0,44.0,40.0,68.0,2,1,6,86.0,66.0,0
6.3,80.0,63.0,51.0,80.0,2,0,5,63.0,63.0,0
6.78,92.0,61.0,50.0,68.0,6,1,1,67.0,75.0,0
7.82,50.0,96.0,55.0,62.0,0,1,6,61.0,63.0,0
8.65,97.0,98.0,75.0,56.0,3,1,1,48.0,62.0,1
5.86,83.0,33.0,62.0,68.0,5,1,2,58.0,83.0,0
7.45,91.0,100.0,68.0,55.0,3,0,2,49.0,86.0,1
6.16,63.0,47.0,45.0,77.0,3,0,5,77.0,83.0,0
7.53,68.0,81.0,58.0,31.0,2,0,3,54.0,64.0,0
6.98,80.0,80.0,74.0,51.0,0,3,4,28.0,35.0,0
5.45,78.0,45.0,75.0,100.0,4,2,4,24.0,65.0,0
7.94,81.0,72.0,53.0,49.0,6,0,1,23.0,56.0,0
6.56,91.0,61.0,68.0,56.0,3,0,1,70.0,65.0,0
6.62,57.0,73.0,100.0,44.0,3,0,2,35.0,57.0,0
6.14,90.0,67.0,65.0,67.0,0,1,1,64.0,67.0,0
6.51,78.0,85.0,54.0,47.0,6,0,7,61.0,51.0,0
7.49,76.0,64.0,62.0,57.0,6,0,3,57.0,48.0,0
6.93,60.0,60.0,66.0,77.0,6,0,3,67.0,85.0,0
7.4,84.0,83.0,63.0,48.0,2,0,5,61.0,52.0,0
7.43,49.0,73.0,64.0,76.0,4,0,6,4.0,67.0,0
8.29,86.0,76.0,42.0,77.0,3,0,5,52.0,81.0,0
6.79,60.0,51.0,50.0,81.0,1,1,4,67.0,81.0,0
5.77,79.0,44.0,63.0,64.0,1,1,7,91.0,79.0,0
8.06,77.0,53.0,62.0,100.0,2,0,7,92.0,72.0,0
6.8,92.0,52.0,56.0,81.0,3,1,1,31.0,78.0,0
8.1,76.0,77.0,62.0,67.0,0,1,1,51.0,88.0,0
7.45,70.0,81.0,66.0,44.0,4,1,3,27.0,73.0,0
6.98,72.0,60.0,79.0,59.0,3,2,6,88.0,39.0,0
7.41,93.0,89.0,63.0,88.0,6,0,7,78.0,59.0,1
8.86,84.0,88.0,71.0,93.0,1,2,5,65.0,77.0,1
8.97,73.0,67.0,56.0,89.0,0,1,5,61.0,58.0,0
7.16,75.0,48.0,74.0,76.0,2,1,1,86.0,91.0,0
7.24,59.0,91.0,71.0,37.0,6,0,4,82.0,66.0,0
8.07,83.0,62.0,79.0,70.0,2,0,1,81.0,68.0,0
6.34,57.0,65.0,76.0,37.0,4,0,4,67.0,84.0,0
7.4,87.0,57.0,74.0,33.0,5,3,1,51.0,64.0,1
7.08,80.0,47.0,63.0,66.0,1,1,0,73.0,70.0,0
7.38,100.0,37.0,69.0,71.0,4,0,7,74.0,80.0,0
6.35,65.0,74.0,82.0,78.0,1,1,7,54.0,45.0,0
5.67,77.0,49.0,55.0,70.0,2,0,5,51.0,63.0,0
5.23,100.0,100.0,55.0,71.0,2,0,5,81.0,79.0,0
6.09,92.0,43.0,68.0,42.0,4,1,1,91.0,68.0,0
6.69,70.0,40.0,72.0,59.0,6,1,4,43.0,89.0,0
6.84,81.0,72.0,52.0,32.0,1,1,5,53.0,43.0,0
8.84,78.0,91.0,64.0,23.0,2,1,4,65.0,42.0,1
8.1,81.0,64.0,63.0,75.0,5,1,2,68.0,79.0,1
6.23,70.0,73.0,30.0,47.0,3,1,3,48.0,80.0,0
7.41,77.0,30.0,61.0,78.0,3,0,6,96.0,64.0,0
6.73,59.0,51.0,62.0,82.0,4,1,2,66.0,73.0,1
6.84,80.0,44.0,62.0,49.0,0,1,7,69.0,78.0,0
7.27,83.0,29.0,88.0,72.0,6,0,6,93.0,55.0,0
7.66,75.0,65.0,46.0,48.0,2,0,7,49.0,56.0,0
6.79,59.0,23.0,52.0,26.0,4,0,4,56.0,70.0,0
8.06,90.0,39.0,23.0,63.0,3,0,1,33.0,81.0,0
6.07,82.0,53.0,57.0,52.0,5,1,0,55.0,50.0,0
7.11,69.0,48.0,59.0,53.0,4,0,4,28.0,64.0,0
9.44,75.0,70.0,57.0,99.0,1,1,3,73.0,63.0,1
7.3,60.0,69.0,83.0,32.0,1,0,0,66.0,73.0,0
8.39,66.0,79.0,79.0,68.0,6,0,7,52.0,67.0,0
7.18,72.0,77.0,66.0,42.0,3,0,7,56.0,59.0,0
7.62,93.0,84.0,59.0,78.0,1,0,2,73.0,86.0,1
7.05,70.0,63.0,81.0,67.0,1,3,5,35.0,59.0,1
6.95,86.0,68.0,65.0,68.0,0,0,3,62.0,63.0,0
6.4,72.0,72.0,52.0,43.0,6,0,3,72.0,43.0,0
7.49,81.0,66.0,38.0,46.0,6,0,4,22.0,56.0,0
6.33,76.0,56.0,58.0,79.0,2,0,3,72.0,75.0,0
7.7,88.0,57.0,77.0,95.0,1,1,6,25.0,72.0,0
8.08,72.0,48.0,100.0,70.0,2,1,1,56.0,76.0,0
7.43,59.0,71.0,66.0,44.0,0,0,5,35.0,75.0,0
6.84,61.0,61.0,53.0,67.0,3,1,7,87.0,98.0,0
7.51,72.0,51.0,46.0,100.0,4,1,6,35.0,56.0,0
6.82,63.0,51.0,74.0,63.0,6,2,0,25.0,43.0,0
7.94,83.0,41.0,37.0,89.0,2,1,0,61.0,51.0,0
5.45,72.0,81.0,74.0,47.0,1,0,5,50.0,56.0,0
6.8,100.0,64.0,78.0,60.0,0,1,7,28.0,52.0,0
5.31,57.0,47.0,72.0,73.0,2,2,6,69.0,68.0,0
5.75,80.0,78.0,61.0,69.0,4,0,7,18.0,86.0,0
8.33,64.0,53.0,74.0,46.0,0,3,1,37.0,90.0,0
7.91,72.0,38.0,68.0,46.0,5,2,4,46.0,75.0,1
6.45,80.0,81.0,53.0,80.0,3,0,5,74.0,99.0,0
5.75,50.0,53.0,95.0,84.0,5,1,4,84.0,62.0,0
4.5,81.0,56.0,59.0,90.0,3,1,6,80.0,43.0,0
6.61,100.0,64.0,77.0,95.0,1,1,1,55.0,83.0,0
9.28,73.0,84.0,26.0,64.0,0,1,3,9.0,39.0,0
7.49,81.0,63.0,85.0,55.0,3,2,3,66.0,56.0,1
6.6,90.0,41.0,89.0,87.0,3,1,7,87.0,75.0,0
7.52,76.0,73.0,65.0,75.0,5,1,1,83.0,65.0,1
5.7,71.0,54.0,74.0,42.0,6,0,2,67.0,64.0,0
6.83,51.0,97.0,74.0,41.0,1,0,0,34.0,49.0,0
7.19,86.0,63.0,55.0,70.0,2,2,1,47.0,67.0,1
7.02,77.0,23.0,74.0,58.0,1,1,7,97.0,82.0,0
7.81,66.0,69.0,52.0,60.0,0,0,6,30.0,67.0,0
7.41,80.0,98.0,55.0,81.0,0,2,2,35.0,55.0,0
7.7,71.0,91.0,83.0,75.0,0,2,5,77.0,48.0,1
6.48,72.0,96.0,81.0,86.0,3,1,4,49.0,55.0,0
7.91,85.0,45.0,54.0,24.0,1,0,7,34.0,73.0,0
8.57,62.0,79.0,53.0,66.0,1,1,2,89.0,72.0,0
6.23,91.0,50.0,55.0,74.0,0,0,7,67.0,55.0,0
6.3,61.0,67.0,77.0,32.0,5,0,2,50.0,34.0,0
8.3,70.0,40.0,49.0,49.0,4,1,5,35.0,73.0,1
6.93,100.0,51.0,71.0,45.0,6,2,3,99.0,54.0,1
8.36,92.0,51.0,77.0,61.0,0,0,5,58.0,77.0,0
6.7,79.0,79.0,64.0,92.0,1,2,2,86.0,56.0,0
8.41,67.0,77.0,81.0,99.0,3,2,6,76.0,52.0,1
7.22,72.0,68.0,60.0,46.0,4,0,5,48.0,69.0,0
7.33,79.0,39.0,62.0,71.0,0,0,2,48.0,100.0,0
8.51,78.0,57.0,49.0,72.0,1,1,7,87.0,78.0,1
6.77,77.0,50.0,81.0,68.0,2,1,5,87.0,69.0,0
6.25,78.0,79.0,53.0,69.0,0,0,3,20.0,72.0,0
6.7,75.0,84.0,71.0,67.0,2,1,1,69.0,41.0,0
7.51,61.0,82.0,64.0,93.0,5,1,7,56.0,50.0,1
5.69,72.0,49.0,48.0,82.0,3,1,6,37.0,29.0,0
7.67,89.0,14.0,55.0,41.0,3,1,5,63.0,93.0,1
6.62,62.0,31.0,87.0,76.0,3,0,6,31.0,90.0,0
8.13,76.0,89.0,68.0,78.0,6,0,4,49.0,73.0,1
4.95,68.0,56.0,49.0,67.0,3,0,1,42.0,69.0,0
6.39,79.0,49.0,70.0,82.0,3,2,1,48.0,44.0,0
5.58,73.0,93.0,63.0,65.0,6,2,0,57.0,64.0,0
6.36,96.0,86.0,100.0,65.0,1,1,0,38.0,94.0,0
7.32,84.0,63.0,70.0,63.0,0,0,5,89.0,69.0,0
6.94,62.0,58.0,59.0,23.0,3,1,6,68.0,59.0,0
6.87,86.0,61.0,88.0,59.0,2,0,1,94.0,41.0,0
6.96,69.0,67.0,36.0,48.0,1,0,4,55.0,88.0,0
7.28,71.0,92.0,67.0,38.0,0,0,0,47.0,66.0,0
6.19,82.0,71.0,97.0,88.0,6,2,3,93.0,41.0,1
7.74,72.0,76.0,63.0,71.0,4,0,6,46.0,53.0,0
7.7,89.0,84.0,37.0,60.0,4,1,6,54.0,48.0,1
7.45,69.0,42.0,59.0,50.0,0,3,7,72.0,65.0,0
7.6,71.0,77.0,88.0,67.0,2,1,2,33.0,70.0,0
7.37,70.0,58.0,71.0,80.0,4,0,7,72.0,59.0,0
8.93,71.0,18.0,52.0,45.0,3,2,6,70.0,79.0,1
7.02,91.0,25.0,54.0,61.0,4,1,2,83.0,68.0,0
6.82,86.0,45.0,56.0,77.0,4,0,2,76.0,83.0,0
6.42,99.0,73.0,71.0,24.0,2,1,0,84.0,62.0,0
6.17,100.0,65.0,86.0,60.0,5,2,7,56.0,100.0,0
5.98,66.0,66.0,82.0,53.0,1,0,1,41.0,59.0,0
6.3,79.0,98.0,72.0,58.0,0,1,2,100.0,53.0,0
7.04,64.0,40.0,44.0,51.0,6,0,3,27.0,52.0,0
7.4,69.0,63.0,44.0,64.0,0,0,1,29.0,64.0,0
7.15,70.0,68.0,74.0,98.0,1,1,6,69.0,41.0,0
6.41,65.0,50.0,43.0,55.0,0,0,5,90.0,71.0,0
7.91,65.0,64.0,61.0,67.0,1,0,1,62.0,38.0,0
7.77,76.0,34.0,70.0,99.0,2,0,1,78.0,69.0,0
6.96,63.0,88.0,47.0,51.0,0,0,0,18.0,47.0,0
6.51,88.0,51.0,49.0,95.0,3,0,7,48.0,61.0,0
7.59,67.0,100.0,63.0,61.0,6,1,3,21.0,76.0,1
7.27,100.0,62.0,73.0,95.0,0,0,5,74.0,100.0,0
5.8,73.0,82.0,82.0,75.0,6,0,1,27.0,51.0,0
7.04,79.0,62.0,75.0,67.0,2,2,1,32.0,65.0,0
7.34,62.0,62.0,66.0,60.0,4,3,4,68.0,56.0,1
6.29,98.0,52.0,53.0,49.0,3,0,1,79.0,54.0,0
7.27,91.0,65.0,48.0,62.0,2,0,4,55.0,56.0,0
5.79,82.0,69.0,57.0,78.0,0,0,7,69.0,79.0,0
8.3,62.0,49.0,72.0,61.0,4,0,2,69.0,60.0,0
8.22,81.0,61.0,70.0,55.0,6,0,4,54.0,100.0,0
6.87,65.0,52.0,31.0,56.0,3,2,7,36.0,73.0,1
7.43,96.0,100.0,52.0,80.0,4,1,7,69.0,52.0,0
4.93,88.0,61.0,84.0,84.0,4,0,0,70.0,61.0,0
6.06,79.0,91.0,66.0,48.0,2,3,0,76.0,55.0,0
6.84,49.0,59.0,42.0,48.0,0,0,7,64.0,79.0,0
6.14,66.0,68.0,100.0,68.0,3,0,7,35.0,42.0,0
7.74,86.0,39.0,65.0,90.0,6,0,2,72.0,47.0,1
8.9,93.0,55.0,71.0,83.0,2,0,4,58.0,58.0,0
6.04,91.0,67.0,71.0,37.0,6,2,4,48.0,77.0,0
6.35,59.0,92.0,59.0,56.0,5,0,5,52.0,85.0,0
7.31,82.0,67.0,53.0,43.0,1,1,6,44.0,88.0,0
8.55,90.0,88.0,99.0,56.0,4,0,2,76.0,75.0,1
6.0,58.0,75.0,81.0,91.0,5,2,7,30.0,66.0,0
7.32,78.0,92.0,78.0,34.0,3,1,0,38.0,79.0,0
8.74,81.0,62.0,74.0,30.0,4,1,0,51.0,50.0,0
5.61,74.0,100.0,49.0,45.0,6,0,7,90.0,39.0,0
5.95,56.0,54.0,85.0,66.0,4,2,1,79.0,74.0,0
6.72,74.0,49.0,52.0,73.0,5,1,7,25.0,52.0,0
6.63,74.0,41.0,70.0,69.0,5,0,2,85.0,66.0,0
7.83,76.0,100.0,39.0,83.0,5,2,2,85.0,69.0,1
7.32,71.0,78.0,32.0,28.0,5,0,0,35.0,71.0,0
5.5,73.0,57.0,70.0,84.0,1,0,7,8.0,81.0,0
7.56,78.0,85.0,52.0,55.0,0,1,2,57.0,79.0,0
6.58,83.0,75.0,33.0,75.0,1,0,1,80.0,70.0,0
8.25,74.0,98.0,74.0,36.0,1,0,3,90.0,60.0,0
6.54,73.0,35.0,99.0,61.0,4,0,1,41.0,69.0,0
6.53,79.0,58.0,87.0,65.0,3,0,6,93.0,58.0,0
7.59,55.0,55.0,61.0,83.0,3,0,0,13.0,64.0,0
7.79,84.0,27.0,65.0,31.0,0,0,3,51.0,100.0,0
7.5,78.0,82.0,79.0,62.0,4,2,3,50.0,70.0,1
5.58,78.0,58.0,83.0,40.0,2,1,0,81.0,74.0,0
7.58,90.0,76.0,60.0,71.0,5,1,0,84.0,56.0,1
6.17,55.0,100.0,66.0,76.0,0,0,4,77.0,82.0,0
7.31,54.0,57.0,70.0,85.0,2,1,3,31.0,78.0,0
5.82,81.0,55.0,74.0,51.0,0,0,1,75.0,79.0,0
7.5,78.0,65.0,63.0,79.0,1,0,1,68.0,70.0,0
6.37,80.0,81.0,63.0,87.0,6,1,6,25.0,83.0,1
5.95,72.0,53.0,87.0,30.0,3,0,5,17.0,86.0,0
7.74,86.0,52.0,84.0,73.0,3,1,4,79.0,71.0,0
7.32,89.0,82.0,73.0,79.0,1,2,6,54.0,65.0,0
6.55,84.0,70.0,93.0,56.0,1,2,0,32.0,80.0,0
8.41,75.0,26.0,59.0,38.0,4,0,5,54.0,53.0,0
6.7,53.0,41.0,91.0,79.0,6,0,6,65.0,56.0,0
7.13,87.0,90.0,74.0,38.0,5,0,1,56.0,66.0,0
7.34,93.0,70.0,100.0,58.0,5,1,4,27.0,41.0,0
6.54,86.0,49.0,46.0,60.0,3,2,6,96.0,79.0,0
7.52,67.0,60.0,54.0,75.0,0,2,4,78.0,53.0,0
6.62,86.0,63.0,72.0,49.0,5,0,1,51.0,60.0,0
6.73,88.0,76.0,71.0,48.0,5,2,5,52.0,64.0,1
8.33,97.0,39.0,96.0,63.0,3,1,6,65.0,68.0,0
6.16,67.0,48.0,54.0,80.0,0,2,0,35.0,62.0,0
4.93,75.0,68.0,79.0,100.0,4,1,4,64.0,66.0,0
8.55,87.0,61.0,84.0,32.0,6,0,4,31.0,66.0,0
9.39,79.0,73.0,76.0,67.0,1,0,2,57.0,60.0,0
6.74,65.0,41.0,50.0,40.0,1,2,0,35.0,55.0,0
5.36,83.0,69.0,88.0,80.0,5,0,0,36.0,83.0,0
6.82,85.0,83.0,85.0,43.0,2,0,6,91.0,35.0,0
6.84,79.0,72.0,75.0,48.0,5,0,6,59.0,64.0,0
6.93,81.0,66.0,68.0,50.0,4,0,3,62.0,60.0,0
6.1,75.0,61.0,69.0,60.0,1,2,7,18.0,73.0,0
7.62,96.0,48.0,64.0,67.0,0,0,7,46.0,45.0,0
7.57,67.0,62.0,75.0,70.0,3,0,5,67.0,60.0,0
5.76,71.0,86.0,65.0,61.0,2,1,4,62.0,65.0,0
7.73,78.0,61.0,51.0,36.0,5,1,7,15.0,83.0,1
8.95,89.0,47.0,48.0,75.0,2,0,4,62.0,72.0,0
7.25,60.0,54.0,53.0,60.0,1,0,7,65.0,49.0,0
6.8,62.0,67.0,69.0,83.0,6,0,7,84.0,60.0,0
6.97,54.0,56.0,65.0,48.0,5,0,1,45.0,80.0,0
7.65,78.0,72.0,68.0,31.0,4,0,5,13.0,49.0,0
5.54,65.0,72.0,73.0,60.0,6,0,5,38.0,66.0,0
7.25,73.0,79.0,55.0,86.0,5,1,6,36.0,67.0,0
6.75,86.0,89.0,88.0,64.0,6,2,2,73.0,61.0,1
8.76,70.0,81.0,61.0,57.0,5,2,6,4.0,100.0,0
6.94,81.0,46.0,58.0,44.0,2,0,3,49.0,61.0,0
8.6,74.0,47.0,73.0,94.0,0,0,3,87.0,74.0,0
6.11,86.0,62.0,36.0,41.0,4,3,1,58.0,56.0,0
7.63,84.0,55.0,52.0,47.0,5,1,2,76.0,75.0,0
7.39,70.0,43.0,81.0,72.0,6,1,7,25.0,80.0,1
6.32,76.0,55.0,37.0,26.0,4,0,5,26.0,58.0,0
7.26,91.0,54.0,83.0,85.0,3,0,5,87.0,66.0,0
8.19,83.0,51.0,89.0,73.0,4,1,7,60.0,54.0,1
6.81,61.0,57.0,59.0,78.0,0,1,2,60.0,50.0,0
5.58,86.0,84.0,70.0,72.0,0,0,5,36.0,83.0,0
7.08,65.0,67.0,83.0,58.0,0,2,2,60.0,59.0,0
6.29,95.0,100.0,58.0,41.0,6,1,6,35.0,31.0,0
6.79,90.0,66.0,79.0,58.0,5,1,3,82.0,93.0,1
7.03,81.0,58.0,54.0,42.0,1,0,6,100.0,55.0,0
5.56,80.0,63.0,57.0,70.0,2,1,5,68.0,63.0,0
5.65,75.0,68.0,52.0,76.0,3,1,6,45.0,92.0,0
7.53,86.0,71.0,70.0,89.0,1,0,7,7.0,65.0,0
6.63,74.0,100.0,84.0,68.0,2,1,6,24.0,65.0,0
4.79,81.0,48.0,62.0,79.0,2,1,2,89.0,49.0,0
7.81,88.0,78.0,45.0,55.0,4,2,4,37.0,42.0,1
7.35,71.0,67.0,48.0,52.0,5,0,3,51.0,65.0,0
6.46,71.0,35.0,71.0,70.0,0,2,0,71.0,72.0,0
5.91,64.0,77.0,95.0,54.0,3,0,4,88.0,72.0,0
7.85,65.0,86.0,71.0,66.0,6,0,3,54.0,60.0,1
7.41,56.0,48.0,59.0,41.0,6,0,3,50.0,67.0,0
9.24,87.0,63.0,77.0,44.0,5,0,0,59.0,39.0,0
7.48,100.0,32.0,61.0,73.0,5,0,4,45.0,74.0,0
7.45,95.0,40.0,59.0,78.0,0,1,4,47.0,69.0,0
6.95,58.0,82.0,50.0,42.0,6,1,0,66.0,97.0,0
7.84,87.0,55.0,88.0,74.0,5,0,5,62.0,67.0,0
7.66,95.0,43.0,24.0,51.0,6,3,1,100.0,53.0,1
8.23,73.0,67.0,78.0,61.0,6,0,1,67.0,66.0,0
6.63,79.0,54.0,58.0,88.0,1,1,3,81.0,62.0,0
6.71,54.0,55.0,58.0,76.0,0,2,3,37.0,74.0,0
6.67,81.0,76.0,92.0,76.0,4,2,7,69.0,67.0,1
7.81,65.0,42.0,54.0,97.0,3,1,0,44.0,48.0,0
8.45,80.0,47.0,54.0,48.0,0,1,2,66.0,42.0,0
6.69,59.0,66.0,63.0,42.0,1,0,5,72.0,71.0,0
6.72,85.0,80.0,72.0,47.0,6,0,1,59.0,88.0,0
7.38,90.0,85.0,58.0,56.0,2,0,7,100.0,68.0,0
6.88,69.0,51.0,40.0,16.0,1,0,5,87.0,79.0,0
7.96,64.0,80.0,51.0,57.0,4,0,7,82.0,82.0,1
5.07,52.0,49.0,86.0,51.0,4,0,7,73.0,71.0,0
6.36,75.0,96.0,66.0,76.0,2,2,0,93.0,55.0,1
6.4,71.0,43.0,72.0,68.0,5,2,3,29.0,70.0,0
5.01,59.0,87.0,61.0,50.0,4,1,5,85.0,85.0,0
6.23,83.0,51.0,54.0,72.0,1,1,0,38.0,75.0,0
6.28,73.0,99.0,92.0,75.0,2,0,3,47.0,78.0,0
6.92,65.0,74.0,62.0,46.0,5,0,5,69.0,60.0,0
8.1,71.0,45.0,58.0,52.0,0,1,6,83.0,64.0,0
6.88,91.0,54.0,83.0,19.0,0,1,3,35.0,65.0,0
6.17,85.0,77.0,53.0,40.0,4,0,6,48.0,66.0,0
7.05,76.0,82.0,55.0,47.0,3,0,5,60.0,85.0,0
8.04,85.0,62.0,65.0,62.0,1,1,0,54.0,32.0,0
6.22,64.0,64.0,65.0,43.0,3,0,2,75.0,67.0,0
6.28,78.0,77.0,69.0,51.0,1,0,7,100.0,66.0,0
7.6,80.0,65.0,98.0,38.0,2,0,0,66.0,46.0,0
6.9,72.0,40.0,70.0,64.0,1,1,0,43.0,77.0,0
7.68,83.0,48.0,27.0,69.0,4,2,2,32.0,56.0,1
7.09,69.0,67.0,70.0,69.0,4,1,7,51.0,62.0,0
7.73,84.0,85.0,66.0,61.0,6,1,5,39.0,95.0,1
6.17,85.0,92.0,66.0,32.0,0,1,1,67.0,82.0,0
7.09,43.0,77.0,69.0,49.0,2,0,3,67.0,76.0,0
6.91,92.0,68.0,65.0,53.0,1,1,7,49.0,73.0,0
6.01,41.0,76.0,64.0,53.0,4,1,1,98.0,65.0,0
5.69,71.0,51.0,75.0,62.0,3,1,4,43.0,97.0,0
7.72,90.0,60.0,56.0,88.0,6,0,3,56.0,79.0,1
6.78,74.0,48.0,50.0,76.0,6,2,6,71.0,56.0,0
6.18,60.0,41.0,100.0,42.0,5,2,6,76.0,46.0,0
7.01,65.0,69.0,54.0,74.0,1,0,6,84.0,76.0,0
8.12,90.0,66.0,67.0,73.0,0,0,0,67.0,66.0,0
5.05,55.0,75.0,41.0,46.0,6,0,3,79.0,46.0,0
5.75,92.0,73.0,67.0,77.0,6,1,5,45.0,73.0,0
6.27,77.0,67.0,50.0,58.0,1,1,3,76.0,63.0,0
8.42,64.0,73.0,58.0,34.0,0,0,5,76.0,75.0,0
7.35,71.0,62.0,82.0,70.0,4,1,5,88.0,74.0,0
7.79,66.0,70.0,73.0,65.0,4,0,2,25.0,58.0,0
6.07,88.0,50.0,74.0,57.0,6,0,0,40.0,76.0,0
6.09,87.0,70.0,37.0,60.0,4,0,7,74.0,60.0,0
7.5,57.0,75.0,94.0,47.0,5,1,6,5.0,61.0,1
7.15,73.0,51.0,46.0,73.0,5,1,7,68.0,59.0,0
7.59,68.0,64.0,89.0,60.0,0,0,2,79.0,84.0,0
6.93,94.0,52.0,81.0,64.0,1,0,2,46.0,63.0,0
7.35,62.0,54.0,74.0,68.0,5,2,2,49.0,88.0,1
7.24,97.0,43.0,51.0,39.0,1,1,0,37.0,94.0,0
7.8,78.0,86.0,67.0,44.0,1,2,1,48.0,56.0,0
7.83,64.0,82.0,57.0,19.0,5,1,2,48.0,23.0,0
5.64,70.0,73.0,65.0,72.0,1,1,7,44.0,83.0,1
5.08,68.0,98.0,61.0,38.0,1,0,1,43.0,62.0,0
8.0,63.0,60.0,32.0,64.0,0,1,4,53.0,54.0,0
8.17,79.0,100.0,83.0,68.0,3,0,4,52.0,58.0,1
6.18,63.0,59.0,64.0,72.0,4,0,2,95.0,61.0,0
5.43,52.0,68.0,57.0,38.0,5,0,7,50.0,86.0,0
7.19,73.0,56.0,56.0,60.0,6,0,0,65.0,69.0,0
7.94,56.0,70.0,71.0,93.0,4,2,6,46.0,86.0,1
8.72,69.0,78.0,51.0,94.0,5,3,5,46.0,74.0,1
7.56,67.0,61.0,29.0,80.0,1,1,2,24.0,62.0,0
6.77,68.0,95.0,72.0,67.0,2,0,6,27.0,61.0,0
6.3,100.0,67.0,73.0,42.0,2,2,3,34.0,75.0,0
7.11,79.0,68.0,62.0,75.0,0,1,7,62.0,79.0,0
6.83,81.0,47.0,47.0,58.0,6,0,0,80.0,82.0,0
6.19,57.0,71.0,66.0,72.0,1,1,0,22.0,63.0,0
8.94,70.0,61.0,42.0,49.0,3,1,4,47.0,70.0,1
8.71,81.0,52.0,49.0,58.0,2,0,7,31.0,76.0,0
8.12,66.0,49.0,53.0,64.0,0,1,0,53.0,61.0,0
6.27,89.0,100.0,79.0,66.0,6,1,6,80.0,50.0,1
7.87,64.0,58.0,59.0,70.0,1,0,7,49.0,55.0,0
7.68,75.0,37.0,58.0,50.0,0,0,3,57.0,63.0,0
7.5,71.0,50.0,96.0,35.0,2,1,6,87.0,77.0,0
8.22,80.0,62.0,71.0,92.0,1,1,6,67.0,86.0,1
7.67,70.0,73.0,70.0,100.0,6,3,1,43.0,47.0,1
7.77,75.0,73.0,59.0,70.0,1,2,6,61.0,58.0,0
7.67,75.0,75.0,55.0,36.0,2,1,5,41.0,62.0,0
7.41,69.0,51.0,30.0,46.0,1,1,0,66.0,79.0,0
5.49,84.0,69.0,80.0,71.0,0,1,4,68.0,59.0,0
7.18,81.0,47.0,72.0,86.0,0,1,5,31.0,61.0,0
6.6,77.0,52.0,62.0,38.0,3,0,6,62.0,46.0,0
5.95,73.0,46.0,63.0,59.0,1,1,6,56.0,74.0,0
8.61,88.0,42.0,77.0,65.0,0,1,3,69.0,65.0,0
8.66,75.0,82.0,40.0,77.0,2,1,2,75.0,57.0,1
8.32,74.0,75.0,56.0,54.0,1,2,1,68.0,63.0,0
7.33,79.0,81.0,47.0,31.0,2,1,0,52.0,84.0,0
8.32,98.0,64.0,93.0,73.0,6,0,5,77.0,52.0,1
7.11,62.0,77.0,79.0,82.0,2,0,7,41.0,54.0,0
7.28,87.0,31.0,30.0,59.0,4,0,0,32.0,86.0,0
6.12,55.0,79.0,41.0,69.0,5,0,5,0.0,68.0,0
7.46,81.0,66.0,63.0,52.0,0,0,4,57.0,77.0,0
7.15,97.0,74.0,57.0,45.0,3,0,1,42.0,73.0,0
5.93,84.0,70.0,44.0,81.0,3,0,1,66.0,66.0,0
7.05,80.0,45.0,96.0,68.0,3,0,2,19.0,62.0,0
7.03,71.0,36.0,70.0,70.0,1,1,5,45.0,79.0,0
8.72,78.0,50.0,73.0,90.0,3,1,2,67.0,84.0,0
7.9,75.0,73.0,54.0,41.0,0,0,6,37.0,83.0,0
7.11,69.0,75.0,77.0,51.0,6,0,2,66.0,49.0,1
7.32,75.0,38.0,59.0,64.0,4,0,0,47.0,87.0,0
7.14,80.0,45.0,60.0,50.0,0,0,0,57.0,62.0,0
6.92,69.0,50.0,75.0,76.0,3,0,3,70.0,56.0,0
6.13,68.0,57.0,39.0,57.0,6,0,3,77.0,64.0,0
6.96,62.0,38.0,91.0,42.0,5,0,5,60.0,79.0,0
6.43,83.0,37.0,68.0,62.0,1,3,3,42.0,75.0,0
5.97,85.0,48.0,85.0,64.0,6,1,1,49.0,63.0,1
7.56,81.0,65.0,48.0,79.0,1,2,1,71.0,80.0,1
7.45,90.0,42.0,50.0,68.0,1,0,4,38.0,69.0,0
5.49,79.0,61.0,46.0,70.0,1,0,2,54.0,58.0,0
6.99,83.0,82.0,69.0,67.0,6,2,5,50.0,56.0,1
8.0,82.0,40.0,66.0,57.0,5,0,7,56.0,73.0,0
8.05,77.0,59.0,58.0,47.0,3,1,2,38.0,66.0,0
8.02,72.0,81.0,49.0,66.0,4,3,4,21.0,46.0,1
7.14,100.0,55.0,45.0,55.0,1,1,6,68.0,80.0,1
6.34,73.0,53.0,64.0,93.0,0,0,1,77.0,60.0,0
6.12,70.0,84.0,58.0,87.0,5,1,4,22.0,91.0,1
7.41,83.0,57.0,54.0,73.0,6,0,2,65.0,46.0,1
7.44,81.0,83.0,90.0,68.0,0,0,5,80.0,64.0,0
8.26,61.0,71.0,64.0,59.0,0,0,5,70.0,57.0,0
8.09,91.0,57.0,85.0,37.0,3,2,1,50.0,52.0,1
6.98,77.0,72.0,56.0,57.0,0,1,1,39.0,60.0,0
5.98,65.0,69.0,69.0,63.0,5,0,0,60.0,94.0,0
6.81,92.0,81.0,64.0,65.0,6,0,0,63.0,69.0,0
7.3,86.0,53.0,38.0,70.0,1,1,0,60.0,55.0,0
6.92,63.0,64.0,88.0,79.0,2,2,5,54.0,40.0,0
6.58,99.0,62.0,63.0,48.0,6,0,7,36.0,41.0,0
7.33,86.0,76.0,77.0,48.0,2,0,3,66.0,59.0,0
6.65,78.0,45.0,53.0,89.0,1,2,7,67.0,57.0,0
6.53,97.0,81.0,62.0,76.0,0,2,5,62.0,64.0,0
7.38,80.0,71.0,51.0,54.0,5,2,6,60.0,33.0,1
6.74,78.0,39.0,85.0,59.0,6,0,5,92.0,66.0,0
7.32,70.0,85.0,70.0,59.0,0,0,1,46.0,82.0,0
7.35,85.0,100.0,71.0,62.0,5,0,4,84.0,91.0,0
6.07,84.0,81.0,87.0,70.0,1,0,4,43.0,39.0,0
6.67,78.0,89.0,84.0,100.0,0,2,5,80.0,55.0,1
8.39,69.0,65.0,77.0,65.0,2,0,6,83.0,54.0,0
6.05,80.0,33.0,42.0,74.0,3,1,0,52.0,69.0,0
5.2,77.0,30.0,54.0,29.0,5,2,5,91.0,49.0,0
5.42,62.0,68.0,49.0,52.0,4,3,6,67.0,92.0,1
7.13,60.0,52.0,77.0,84.0,1,1,0,40.0,68.0,0
7.13,85.0,47.0,68.0,69.0,4,2,3,51.0,65.0,0
6.99,47.0,62.0,43.0,0.0,6,0,7,81.0,91.0,0
8.19,80.0,74.0,62.0,74.0,4,0,0,76.0,67.0,1
4.69,72.0,37.0,41.0,97.0,1,0,1,37.0,73.0,0
7.46,94.0,55.0,64.0,23.0,0,3,6,55.0,56.0,0
8.51,72.0,90.0,39.0,90.0,3,2,1,62.0,46.0,1
6.08,86.0,44.0,73.0,8.0,3,0,5,48.0,58.0,0
6.76,73.0,79.0,71.0,79.0,2,0,7,100.0,100.0,0
6.42,79.0,54.0,96.0,61.0,0,0,3,63.0,76.0,0
6.3,87.0,73.0,79.0,16.0,0,0,3,57.0,71.0,0
6.81,72.0,83.0,58.0,69.0,3,2,3,82.0,52.0,0
8.38,90.0,76.0,78.0,83.0,6,0,2,51.0,81.0,1
8.75,66.0,79.0,43.0,68.0,4,1,3,78.0,47.0,1
6.8,82.0,42.0,50.0,72.0,3,1,4,25.0,43.0,0
8.81,89.0,83.0,70.0,53.0,6,0,7,49.0,59.0,1
7.13,86.0,48.0,30.0,26.0,4,0,7,79.0,96.0,0
8.68,100.0,68.0,64.0,74.0,5,3,6,89.0,95.0,1
7.02,69.0,68.0,49.0,94.0,4,1,0,43.0,60.0,0
7.22,61.0,72.0,67.0,82.0,5,0,2,40.0,57.0,0
7.43,66.0,69.0,48.0,23.0,3,0,6,69.0,42.0,0
9.96,86.0,48.0,72.0,32.0,4,2,4,46.0,68.0,1
7.87,84.0,39.0,65.0,45.0,4,2,2,53.0,69.0,1
6.46,79.0,79.0,87.0,31.0,5,1,2,76.0,79.0,1
7.97,65.0,66.0,65.0,62.0,6,1,0,47.0,81.0,1
6.77,87.0,84.0,53.0,68.0,2,2,2,19.0,64.0,0
6.66,63.0,62.0,61.0,34.0,4,0,3,32.0,75.0,0
7.92,92.0,38.0,43.0,76.0,0,1,3,58.0,56.0,0
7.13,100.0,80.0,71.0,72.0,3,0,4,21.0,75.0,0
7.35,82.0,56.0,74.0,51.0,6,1,2,52.0,59.0,0
7.11,85.0,69.0,100.0,58.0,4,3,1,30.0,74.0,0
7.4,72.0,51.0,55.0,24.0,1,3,7,91.0,73.0,0
7.48,56.0,93.0,61.0,55.0,4,1,3,100.0,68.0,1
5.36,71.0,47.0,56.0,61.0,2,1,2,37.0,79.0,0
7.7,65.0,57.0,68.0,64.0,3,2,5,63.0,43.0,1
6.22,61.0,65.0,71.0,68.0,1,3,4,39.0,51.0,0
5.8,99.0,43.0,64.0,66.0,4,1,4,52.0,63.0,0
7.05,81.0,69.0,82.0,56.0,1,0,1,94.0,45.0,0
7.18,83.0,92.0,55.0,66.0,3,0,5,49.0,61.0,0
6.48,74.0,54.0,81.0,80.0,6,2,1,52.0,61.0,0
7.85,76.0,70.0,74.0,59.0,5,1,6,39.0,87.0,0
5.89,90.0,14.0,65.0,67.0,2,1,3,81.0,69.0,0
6.73,78.0,62.0,60.0,57.0,6,1,3,0.0,82.0,0
6.57,84.0,57.0,100.0,49.0,0,0,3,49.0,72.0,0
7.06,76.0,48.0,52.0,71.0,6,0,3,57.0,59.0,0
7.35,74.0,82.0,70.0,50.0,2,1,5,45.0,69.0,0
6.19,61.0,57.0,53.0,68.0,5,0,3,75.0,78.0,1
7.75,54.0,60.0,94.0,62.0,6,1,1,82.0,85.0,0
7.16,75.0,56.0,79.0,55.0,4,1,4,30.0,65.0,0
5.4,79.0,28.0,54.0,55.0,4,2,2,100.0,42.0,0
5.34,63.0,43.0,73.0,51.0,5,0,0,30.0,41.0,0
7.09,78.0,80.0,69.0,30.0,1,1,6,84.0,62.0,0
6.9,79.0,25.0,57.0,68.0,1,0,2,61.0,32.0,0
7.01,52.0,49.0,77.0,65.0,2,0,4,48.0,94.0,0
7.07,67.0,56.0,71.0,77.0,3,0,1,50.0,76.0,0
7.3,83.0,94.0,68.0,51.0,5,0,2,57.0,57.0,0
7.95,83.0,77.0,64.0,97.0,1,2,3,62.0,50.0,0
6.1,64.0,53.0,72.0,54.0,3,2,1,40.0,82.0,0
6.05,80.0,86.0,69.0,44.0,0,0,7,53.0,50.0,0
6.12,90.0,50.0,66.0,42.0,0,2,2,43.0,52.0,0
7.36,87.0,81.0,55.0,28.0,6,1,4,34.0,56.0,0
8.22,77.0,39.0,92.0,90.0,5,1,4,42.0,69.0,1
6.71,72.0,82.0,48.0,87.0,6,2,3,35.0,76.0,0
4.85,70.0,56.0,72.0,72.0,2,1,4,50.0,85.0,0
5.57,84.0,44.0,60.0,44.0,3,0,4,67.0,83.0,0
6.35,80.0,59.0,93.0,95.0,4,0,0,60.0,67.0,0
6.6,86.0,68.0,51.0,54.0,1,1,5,97.0,82.0,0
6.73,80.0,54.0,53.0,56.0,5,2,0,14.0,57.0,0
7.13,88.0,73.0,49.0,88.0,4,1,3,67.0,40.0,1
6.82,79.0,53.0,70.0,74.0,2,0,2,58.0,57.0,0
8.04,87.0,74.0,43.0,100.0,3,0,3,74.0,55.0,0
6.49,88.0,71.0,57.0,66.0,2,2,0,72.0,58.0,0
6.32,68.0,62.0,31.0,53.0,5,0,5,55.0,53.0,0
7.53,56.0,55.0,69.0,49.0,6,1,3,61.0,60.0,0
5.72,97.0,66.0,57.0,26.0,6,1,0,43.0,76.0,0
7.45,81.0,73.0,41.0,56.0,5,0,0,70.0,93.0,1
7.19,57.0,100.0,82.0,83.0,2,0,4,20.0,41.0,0
6.97,69.0,80.0,44.0,72.0,5,0,5,74.0,48.0,0
8.53,87.0,81.0,78.0,61.0,1,0,4,58.0,55.0,0
6.54,75.0,100.0,54.0,42.0,6,1,5,48.0,78.0,1
8.95,72.0,72.0,91.0,65.0,1,1,6,53.0,64.0,1
6.9,95.0,72.0,77.0,80.0,2,0,6,55.0,56.0,0
5.95,65.0,76.0,49.0,69.0,0,1,7,84.0,78.0,0
7.16,68.0,45.0,50.0,64.0,0,0,7,100.0,81.0,0
6.13,81.0,55.0,75.0,46.0,2,0,6,82.0,67.0,0
6.42,83.0,54.0,61.0,77.0,3,1,3,47.0,55.0,0
7.46,84.0,75.0,62.0,1.0,0,1,4,71.0,71.0,0
7.6,89.0,60.0,85.0,68.0,5,1,4,71.0,64.0,0
6.54,80.0,65.0,53.0,100.0,0,0,1,39.0,63.0,0
7.99,84.0,83.0,66.0,32.0,6,1,5,33.0,59.0,1
8.14,75.0,79.0,80.0,56.0,1,0,4,57.0,81.0,0
8.39,79.0,60.0,78.0,61.0,2,3,4,74.0,71.0,1
7.58,79.0,51.0,62.0,52.0,1,1,6,26.0,83.0,0
8.33,81.0,83.0,60.0,81.0,5,2,5,44.0,87.0,1
5.41,87.0,77.0,37.0,70.0,5,0,7,69.0,74.0,0
6.81,85.0,34.0,48.0,64.0,0,0,7,59.0,59.0,0
6.32,79.0,57.0,70.0,76.0,0,1,6,86.0,83.0,0
7.21,68.0,66.0,63.0,61.0,4,0,2,30.0,74.0,1
6.59,79.0,77.0,66.0,100.0,6,1,1,100.0,100.0,0
6.95,78.0,79.0,82.0,64.0,0,1,2,27.0,72.0,0
8.79,80.0,68.0,46.0,65.0,1,3,5,17.0,77.0,1
6.95,100.0,74.0,61.0,29.0,3,0,6,57.0,71.0,0
7.47,72.0,64.0,68.0,51.0,0,2,7,35.0,66.0,0
6.89,83.0,51.0,54.0,83.0,2,0,5,57.0,63.0,0
7.17,91.0,58.0,88.0,36.0,0,0,5,57.0,71.0,0
7.11,79.0,63.0,80.0,20.0,3,1,7,54.0,75.0,0
7.5,100.0,62.0,70.0,62.0,5,0,5,41.0,84.0,1
8.15,73.0,29.0,94.0,87.0,2,3,1,67.0,72.0,1
8.58,82.0,56.0,41.0,62.0,1,2,4,52.0,60.0,0
7.38,68.0,64.0,65.0,55.0,2,3,2,80.0,62.0,1
7.63,74.0,58.0,71.0,26.0,3,3,5,54.0,47.0,0
6.06,81.0,59.0,50.0,70.0,1,1,5,39.0,92.0,0
7.02,88.0,72.0,70.0,74.0,0,0,2,24.0,59.0,0
7.95,82.0,44.0,47.0,27.0,1,2,2,55.0,82.0,0
7.88,93.0,34.0,76.0,83.0,6,0,0,33.0,71.0,0
7.29,77.0,57.0,82.0,76.0,5,2,2,31.0,72.0,1
7.9,74.0,77.0,69.0,83.0,0,1,6,69.0,65.0,0
7.54,100.0,93.0,35.0,72.0,2,1,5,22.0,55.0,0
8.18,83.0,77.0,50.0,73.0,2,0,7,86.0,52.0,0
7.36,69.0,37.0,74.0,71.0,1,0,7,61.0,93.0,0
6.78,70.0,59.0,65.0,78.0,5,0,6,57.0,69.0,0
7.4,67.0,68.0,22.0,26.0,6,0,1,37.0,84.0,0
4.5,89.0,66.0,85.0,32.0,1,0,2,73.0,88.0,0
7.44,74.0,73.0,67.0,47.0,0,0,0,58.0,61.0,0
4.5,80.0,46.0,52.0,59.0,1,0,0,44.0,73.0,0
5.55,77.0,64.0,81.0,68.0,4,1,1,62.0,68.0,0
7.51,87.0,71.0,54.0,67.0,5,0,2,24.0,50.0,0
7.53,68.0,78.0,54.0,82.0,2,2,0,25.0,64.0,1
6.05,65.0,48.0,71.0,83.0,1,0,6,36.0,76.0,0
6.46,81.0,57.0,93.0,44.0,1,1,4,65.0,60.0,0
8.33,85.0,14.0,91.0,66.0,0,0,5,58.0,62.0,0
6.66,82.0,52.0,71.0,45.0,0,1,5,79.0,64.0,0
9.12,68.0,54.0,72.0,57.0,2,1,7,40.0,99.0,1
7.1,86.0,45.0,78.0,67.0,4,1,1,69.0,39.0,0
7.47,69.0,66.0,45.0,0.0,0,0,2,56.0,75.0,0
8.56,72.0,62.0,75.0,100.0,1,1,2,39.0,63.0,1
7.22,67.0,22.0,53.0,72.0,6,0,4,66.0,57.0,0
6.2,94.0,67.0,70.0,50.0,6,0,4,57.0,63.0,0
7.0,86.0,46.0,61.0,98.0,4,0,6,45.0,77.0,0
7.07,85.0,72.0,73.0,54.0,3,1,4,59.0,78.0,0
5.87,93.0,40.0,67.0,64.0,4,0,1,55.0,70.0,0
6.87,100.0,64.0,16.0,52.0,2,1,4,55.0,83.0,0
6.43,57.0,58.0,68.0,92.0,1,0,7,50.0,86.0,0
7.93,69.0,68.0,75.0,59.0,2,0,4,32.0,79.0,0
7.13,71.0,65.0,72.0,64.0,4,0,4,59.0,59.0,0
6.85,68.0,58.0,63.0,84.0,4,0,1,42.0,74.0,0
7.0,65.0,35.0,91.0,72.0,4,1,0,38.0,74.0,1
7.3,74.0,36.0,70.0,60.0,4,2,1,53.0,55.0,0
7.66,63.0,52.0,72.0,82.0,0,1,0,73.0,43.0,0
6.2,82.0,63.0,82.0,100.0,4,0,3,62.0,37.0,0
6.16,79.0,52.0,71.0,67.0,6,0,7,47.0,68.0,0
8.09,84.0,74.0,51.0,63.0,4,2,3,47.0,71.0,1
6.73,84.0,58.0,26.0,64.0,4,0,5,71.0,49.0,0
5.82,85.0,46.0,57.0,86.0,1,0,6,10.0,83.0,0
7.5,74.0,58.0,77.0,50.0,5,2,6,74.0,69.0,0
7.52,100.0,67.0,59.0,56.0,3,0,5,21.0,87.0,0
5.72,81.0,69.0,78.0,32.0,1,0,6,30.0,73.0,0
7.31,56.0,97.0,67.0,39.0,3,0,2,48.0,51.0,0
7.76,66.0,51.0,86.0,51.0,0,1,3,100.0,74.0,0
7.44,57.0,62.0,60.0,60.0,6,0,3,92.0,77.0,0
7.67,78.0,71.0,72.0,95.0,4,1,6,72.0,59.0,1
5.84,77.0,63.0,73.0,71.0,2,0,3,65.0,45.0,0
7.4,72.0,54.0,89.0,44.0,5,0,7,21.0,69.0,0
6.83,100.0,35.0,38.0,47.0,0,0,1,61.0,52.0,0
6.67,85.0,54.0,58.0,87.0,2,2,1,47.0,84.0,0
7.88,87.0,44.0,79.0,82.0,4,0,5,42.0,61.0,0
8.43,67.0,32.0,90.0,62.0,0,1,6,61.0,93.0,0
8.71,66.0,49.0,69.0,53.0,4,0,5,49.0,35.0,0
8.28,78.0,44.0,60.0,82.0,5,0,2,75.0,69.0,1
7.0,80.0,74.0,77.0,42.0,4,0,0,19.0,88.0,1
7.42,56.0,74.0,79.0,68.0,1,1,2,60.0,54.0,0
7.79,76.0,47.0,59.0,100.0,5,0,3,40.0,65.0,1
7.21,78.0,58.0,70.0,65.0,2,1,3,50.0,61.0,1
7.22,75.0,30.0,84.0,46.0,5,2,7,64.0,57.0,1
7.84,68.0,54.0,95.0,69.0,4,1,6,36.0,71.0,1
7.05,72.0,70.0,77.0,52.0,0,1,6,61.0,48.0,0
6.44,76.0,78.0,66.0,35.0,0,1,0,54.0,65.0,0
6.73,79.0,50.0,64.0,74.0,0,1,1,45.0,75.0,0
7.67,85.0,82.0,74.0,82.0,0,0,3,49.0,64.0,0
7.1,91.0,36.0,63.0,55.0,2,1,4,55.0,52.0,0
7.41,74.0,41.0,68.0,54.0,0,2,5,43.0,82.0,0
7.7,73.0,76.0,48.0,43.0,6,0,2,58.0,78.0,0
6.76,83.0,93.0,86.0,58.0,6,2,0,52.0,51.0,1
7.78,85.0,72.0,47.0,50.0,1,2,2,46.0,48.0,0
7.44,73.0,62.0,58.0,42.0,2,0,6,90.0,53.0,0
5.99,87.0,23.0,67.0,97.0,5,2,7,66.0,75.0,1
8.4,90.0,27.0,97.0,70.0,4,0,7,50.0,71.0,0
6.65,94.0,65.0,58.0,72.0,4,0,4,61.0,79.0,0
5.61,99.0,57.0,54.0,78.0,6,0,0,37.0,62.0,0
6.16,68.0,43.0,56.0,76.0,4,1,7,49.0,53.0,0
6.18,78.0,64.0,92.0,53.0,4,0,1,52.0,81.0,0
7.15,78.0,65.0,20.0,66.0,3,2,2,33.0,59.0,0
6.85,77.0,80.0,49.0,56.0,3,0,7,66.0,70.0,0
6.8,70.0,65.0,100.0,69.0,2,0,4,48.0,44.0,0
7.66,60.0,85.0,74.0,67.0,3,1,1,51.0,58.0,1
7.41,79.0,63.0,47.0,54.0,6,0,4,47.0,82.0,0
7.38,69.0,61.0,64.0,36.0,2,1,0,100.0,56.0,0
7.47,79.0,82.0,66.0,64.0,0,0,2,45.0,79.0,0
7.65,68.0,45.0,79.0,57.0,4,3,7,17.0,32.0,0
5.2,65.0,100.0,94.0,25.0,5,1,2,26.0,59.0,0
6.77,81.0,70.0,71.0,71.0,6,0,7,73.0,64.0,0
5.14,80.0,70.0,56.0,79.0,3,0,4,85.0,93.0,0
7.13,85.0,72.0,78.0,100.0,5,0,5,44.0,49.0,0
7.1,100.0,97.0,54.0,54.0,1,2,5,84.0,77.0,1
8.04,81.0,77.0,48.0,51.0,2,1,4,73.0,83.0,0
8.17,84.0,34.0,37.0,40.0,2,0,0,54.0,56.0,0
7.28,65.0,88.0,40.0,65.0,2,0,7,53.0,61.0,0
6.65,63.0,57.0,51.0,65.0,5,2,3,62.0,69.0,0
7.54,97.0,65.0,46.0,46.0,6,0,5,76.0,45.0,0
6.62,67.0,40.0,70.0,58.0,2,1,4,66.0,60.0,0
7.1,65.0,72.0,46.0,23.0,0,1,5,44.0,86.0,0
7.99,78.0,51.0,15.0,79.0,5,0,2,55.0,75.0,0
6.6,77.0,65.0,48.0,46.0,5,1,6,98.0,65.0,0
7.83,67.0,58.0,57.0,60.0,6,0,1,63.0,69.0,1
7.71,74.0,98.0,55.0,34.0,1,0,5,75.0,76.0,0
6.24,93.0,99.0,89.0,50.0,5,3,4,69.0,79.0,0
7.98,68.0,64.0,55.0,56.0,5,1,4,63.0,59.0,1
7.73,61.0,64.0,79.0,61.0,5,2,0,60.0,90.0,1
7.19,89.0,56.0,65.0,70.0,5,1,3,76.0,87.0,0
6.41,84.0,83.0,64.0,88.0,6,0,0,72.0,77.0,0
6.33,71.0,57.0,52.0,75.0,3,1,4,63.0,54.0,0
6.62,59.0,55.0,64.0,79.0,0,1,5,44.0,52.0,0
7.59,69.0,81.0,53.0,88.0,1,0,4,66.0,62.0,0
6.24,77.0,53.0,68.0,72.0,6,0,6,57.0,68.0,0
7.49,92.0,62.0,61.0,60.0,5,1,2,52.0,40.0,0
5.98,66.0,35.0,50.0,80.0,0,1,2,100.0,74.0,0
6.92,77.0,76.0,81.0,81.0,2,0,3,27.0,86.0,0
7.2,86.0,98.0,72.0,73.0,1,2,1,77.0,76.0,0
9.3,49.0,76.0,58.0,33.0,2,0,6,41.0,57.0,0
5.86,90.0,89.0,67.0,45.0,4,0,6,61.0,55.0,0
8.42,64.0,48.0,64.0,56.0,3,0,3,100.0,71.0,1
7.23,82.0,67.0,51.0,76.0,3,1,6,39.0,65.0,0
7.47,81.0,46.0,66.0,61.0,3,0,0,44.0,74.0,0
7.21,91.0,59.0,55.0,83.0,4,1,1,58.0,76.0,0
7.5,85.0,77.0,50.0,86.0,4,0,2,41.0,83.0,0
6.96,49.0,65.0,39.0,84.0,0,1,3,76.0,50.0,0
8.41,69.0,38.0,59.0,84.0,0,1,1,47.0,70.0,0
6.69,80.0,39.0,74.0,41.0,2,0,4,71.0,62.0,0
8.12,76.0,38.0,54.0,70.0,3,2,6,31.0,66.0,1
6.52,84.0,72.0,100.0,49.0,6,0,3,22.0,80.0,0
7.05,87.0,100.0,79.0,30.0,6,0,3,53.0,82.0,0
6.14,85.0,88.0,86.0,56.0,4,1,0,27.0,88.0,0
7.51,75.0,29.0,78.0,86.0,0,1,2,88.0,73.0,0
8.4,56.0,89.0,95.0,70.0,0,0,6,27.0,65.0,0
7.03,73.0,80.0,52.0,99.0,3,1,6,37.0,63.0,1
6.92,83.0,35.0,24.0,64.0,4,0,0,66.0,41.0,0
6.1,65.0,58.0,58.0,100.0,4,1,0,46.0,87.0,0
6.89,86.0,83.0,74.0,64.0,0,1,6,28.0,62.0,1
5.67,89.0,73.0,67.0,61.0,6,3,1,99.0,75.0,1
6.28,80.0,39.0,69.0,37.0,3,0,4,38.0,77.0,0
7.3,41.0,74.0,86.0,82.0,4,1,6,54.0,48.0,0
8.29,63.0,25.0,71.0,51.0,0,1,6,54.0,53.0,0
9.63,100.0,59.0,78.0,49.0,5,0,4,72.0,90.0,0
6.57,71.0,83.0,50.0,85.0,3,0,3,67.0,71.0,0
8.39,54.0,63.0,47.0,83.0,1,3,6,41.0,58.0,1
7.32,93.0,54.0,91.0,83.0,2,0,5,51.0,65.0,0
6.96,78.0,79.0,67.0,54.0,2,1,6,53.0,83.0,0
7.49,91.0,81.0,55.0,60.0,0,0,4,73.0,81.0,0
7.16,81.0,87.0,55.0,60.0,6,1,7,35.0,45.0,0
7.2,84.0,79.0,55.0,76.0,5,0,6,98.0,92.0,0
6.73,82.0,82.0,54.0,91.0,6,3,0,43.0,81.0,1
5.84,86.0,76.0,44.0,68.0,2,1,2,58.0,65.0,0
5.71,100.0,68.0,41.0,99.0,3,0,6,35.0,49.0,0
7.69,90.0,65.0,62.0,78.0,3,1,0,32.0,83.0,0
6.85,59.0,59.0,56.0,57.0,3,1,5,41.0,74.0,0
6.56,83.0,41.0,83.0,77.0,4,0,2,39.0,45.0,0
7.11,92.0,46.0,70.0,93.0,3,0,1,50.0,64.0,0
7.82,92.0,58.0,69.0,99.0,5,1,4,38.0,100.0,1
7.26,73.0,67.0,53.0,84.0,0,1,7,72.0,67.0,0
6.51,92.0,89.0,63.0,61.0,1,0,7,42.0,56.0,0
8.2,89.0,62.0,71.0,57.0,6,2,3,40.0,52.0,0
8.52,100.0,81.0,76.0,72.0,6,0,0,50.0,94.0,1
7.55,69.0,82.0,63.0,93.0,5,0,7,78.0,80.0,0
7.98,72.0,59.0,82.0,69.0,2,1,7,62.0,88.0,0
8.22,74.0,74.0,65.0,70.0,3,0,4,56.0,71.0,0
8.12,72.0,59.0,78.0,62.0,0,0,5,29.0,86.0,0
7.65,67.0,87.0,57.0,55.0,1,1,4,35.0,54.0,0
7.64,45.0,74.0,36.0,58.0,5,0,0,32.0,69.0,0
7.57,73.0,42.0,69.0,64.0,2,0,1,84.0,71.0,0
6.11,82.0,66.0,77.0,94.0,3,1,1,69.0,88.0,0
7.73,72.0,93.0,74.0,56.0,0,1,7,41.0,72.0,0
5.88,100.0,60.0,72.0,62.0,3,2,0,47.0,58.0,0
6.38,78.0,71.0,59.0,45.0,5,1,4,41.0,68.0,0
8.27,93.0,73.0,52.0,75.0,4,1,2,40.0,42.0,0
7.86,81.0,44.0,74.0,87.0,3,0,0,67.0,32.0,0
8.44,88.0,72.0,72.0,92.0,6,1,7,52.0,79.0,1
6.86,81.0,38.0,56.0,65.0,1,0,0,100.0,61.0,0
6.06,94.0,52.0,83.0,72.0,2,0,6,83.0,63.0,0
6.88,79.0,82.0,51.0,58.0,4,2,6,84.0,79.0,1
7.19,84.0,69.0,56.0,71.0,3,1,6,71.0,88.0,0
7.17,82.0,58.0,91.0,67.0,6,1,1,50.0,75.0,1
8.12,75.0,71.0,79.0,62.0,0,0,7,70.0,96.0,0
6.77,83.0,62.0,59.0,64.0,0,0,4,51.0,75.0,0
7.42,100.0,63.0,70.0,70.0,2,1,3,91.0,72.0,0
6.21,75.0,75.0,67.0,55.0,3,1,5,66.0,71.0,0
7.51,83.0,50.0,21.0,56.0,6,0,2,63.0,48.0,0
7.1,93.0,64.0,50.0,93.0,3,0,2,61.0,81.0,0
6.43,92.0,57.0,64.0,100.0,3,0,2,93.0,30.0,0
6.89,78.0,34.0,59.0,38.0,1,1,4,29.0,58.0,0
6.93,49.0,46.0,69.0,37.0,3,1,4,95.0,67.0,0
6.86,84.0,91.0,83.0,43.0,3,0,1,54.0,55.0,0
8.69,51.0,70.0,60.0,59.0,4,0,1,30.0,60.0,0
7.01,96.0,39.0,48.0,78.0,4,0,7,43.0,95.0,0
6.88,80.0,35.0,70.0,72.0,3,0,4,25.0,84.0,0
5.21,90.0,61.0,60.0,64.0,1,1,6,71.0,57.0,0
6.3,67.0,91.0,63.0,71.0,1,0,2,37.0,60.0,0
6.86,59.0,60.0,60.0,48.0,1,1,2,61.0,48.0,0
6.48,81.0,87.0,100.0,56.0,4,1,2,81.0,78.0,1
8.34,78.0,69.0,29.0,61.0,5,3,4,45.0,63.0,1
6.95,72.0,71.0,59.0,31.0,6,2,6,53.0,38.0,1
8.26,79.0,39.0,65.0,39.0,2,0,4,32.0,69.0,0
7.16,100.0,80.0,53.0,40.0,0,0,2,50.0,74.0,0
7.13,88.0,57.0,79.0,76.0,4,0,7,100.0,81.0,0
7.02,91.0,79.0,78.0,66.0,0,1,4,74.0,66.0,0
7.1,88.0,48.0,64.0,73.0,4,0,3,53.0,61.0,0
8.65,96.0,66.0,61.0,26.0,2,0,0,46.0,97.0,0
5.01,76.0,69.0,63.0,33.0,5,0,4,57.0,67.0,0
5.3,53.0,60.0,63.0,74.0,4,0,4,61.0,78.0,0
6.61,76.0,70.0,64.0,8.0,5,1,7,50.0,59.0,0
7.11,88.0,58.0,62.0,84.0,2,1,1,69.0,77.0,1
7.72,66.0,51.0,69.0,26.0,5,1,1,39.0,45.0,0
7.53,76.0,92.0,77.0,77.0,3,2,7,39.0,60.0,1
6.75,70.0,82.0,45.0,44.0,4,0,4,65.0,49.0,0
8.02,96.0,49.0,48.0,81.0,2,0,0,35.0,58.0,0
8.03,87.0,73.0,37.0,100.0,3,0,0,73.0,86.0,0
7.27,86.0,50.0,79.0,18.0,5,1,3,58.0,58.0,0
7.97,85.0,42.0,69.0,74.0,2,1,4,21.0,78.0,0
7.35,78.0,82.0,73.0,27.0,0,0,1,60.0,90.0,0
6.59,80.0,32.0,42.0,69.0,2,2,2,24.0,67.0,0
7.73,64.0,80.0,94.0,57.0,2,0,5,72.0,82.0,0
7.2,52.0,58.0,55.0,63.0,2,0,7,53.0,75.0,0
7.1,80.0,59.0,68.0,44.0,0,1,3,95.0,69.0,0
8.43,82.0,70.0,79.0,76.0,0,2,3,79.0,78.0,1
4.89,93.0,73.0,49.0,33.0,2,1,2,37.0,95.0,0
5.82,97.0,48.0,56.0,85.0,2,2,1,18.0,57.0,0
6.03,97.0,76.0,68.0,53.0,0,0,0,43.0,53.0,0
6.77,66.0,65.0,100.0,34.0,2,1,6,34.0,52.0,1
6.87,74.0,40.0,70.0,91.0,2,2,0,95.0,82.0,1
5.74,84.0,60.0,91.0,60.0,0,1,6,58.0,84.0,0
6.21,100.0,88.0,84.0,97.0,1,0,1,77.0,59.0,0
6.33,96.0,93.0,71.0,84.0,1,3,5,52.0,35.0,1
9.31,91.0,76.0,49.0,46.0,1,0,7,54.0,57.0,0
8.72,73.0,42.0,82.0,59.0,5,0,5,57.0,75.0,0
6.73,67.0,72.0,41.0,63.0,0,2,5,80.0,66.0,0
6.77,87.0,78.0,91.0,90.0,4,2,2,64.0,70.0,0
6.07,65.0,76.0,68.0,69.0,4,3,4,37.0,59.0,1
5.38,75.0,77.0,23.0,64.0,5,2,5,90.0,82.0,0
6.99,77.0,70.0,60.0,57.0,3,0,3,52.0,72.0,0
6.2,97.0,62.0,75.0,60.0,3,2,0,49.0,76.0,0
7.02,74.0,52.0,61.0,86.0,5,0,7,1.0,69.0,0
5.66,49.0,29.0,76.0,61.0,5,1,1,71.0,75.0,0
6.41,84.0,69.0,51.0,53.0,1,0,7,60.0,74.0,0
7.23,70.0,66.0,44.0,50.0,5,1,7,60.0,53.0,0
7.43,79.0,73.0,64.0,50.0,3,1,0,50.0,73.0,0
7.48,77.0,39.0,66.0,34.0,0,2,5,46.0,79.0,0
5.91,75.0,75.0,59.0,47.0,4,0,5,51.0,84.0,0
7.87,87.0,100.0,85.0,89.0,6,0,1,67.0,73.0,1
6.38,60.0,64.0,51.0,57.0,0,0,6,71.0,53.0,0
7.67,72.0,62.0,70.0,74.0,0,0,0,53.0,55.0,0
7.09,86.0,69.0,66.0,14.0,6,1,1,77.0,60.0,1
5.86,71.0,100.0,40.0,72.0,4,0,7,56.0,70.0,0
6.82,59.0,45.0,44.0,58.0,1,1,5,48.0,65.0,0
7.43,86.0,67.0,65.0,52.0,5,0,0,62.0,50.0,0
7.65,91.0,49.0,97.0,64.0,2,0,1,31.0,50.0,0
6.97,77.0,53.0,74.0,52.0,2,1,2,63.0,36.0,0
8.48,54.0,62.0,37.0,21.0,2,0,0,27.0,20.0,0
8.01,86.0,87.0,15.0,79.0,4,0,1,37.0,65.0,0
6.87,58.0,95.0,77.0,66.0,0,0,4,18.0,100.0,0
7.78,82.0,71.0,63.0,55.0,2,0,0,54.0,94.0,0
8.84,67.0,56.0,83.0,43.0,2,1,2,90.0,52.0,0
8.86,64.0,100.0,51.0,33.0,0,0,2,56.0,69.0,0
5.99,73.0,55.0,71.0,65.0,5,0,7,71.0,45.0,0
6.27,76.0,53.0,79.0,92.0,0,1,7,100.0,47.0,0
8.44,70.0,31.0,58.0,65.0,6,1,6,66.0,49.0,1
6.15,85.0,88.0,58.0,35.0,0,1,2,43.0,64.0,0
